This is XeTeX, Version 3.141592653-2.6-0.999997 (MiKTeX 25.12) (preloaded format=xelatex 2026.6.8)  10 JUN 2026 23:07
entering extended mode
 restricted \write18 enabled.
 %&-line parsing enabled.
**./Diplomatiki.tex
(Diplomatiki.tex
LaTeX2e <2025-11-01>
L3 programming layer <2025-12-24>
(C:\Users\RL397SN\AppData\Local\Programs\MiKTeX\tex/latex/base\article.cls
Document Class: article 2025/01/22 v1.4n Standard LaTeX document class
(C:\Users\RL397SN\AppData\Local\Programs\MiKTeX\tex/latex/base\size12.clo
File: size12.clo 2025/01/22 v1.4n Standard LaTeX file (size option)
)
\c@part=\count271
\c@section=\count272
\c@subsection=\count273
\c@subsubsection=\count274
\c@paragraph=\count275
\c@subparagraph=\count276
\c@figure=\count277
\c@table=\count278
\abovecaptionskip=\skip49
\belowcaptionskip=\skip50
\bibindent=\dimen148
)
(C:\Users\RL397SN\AppData\Local\Programs\MiKTeX\tex/latex/fontspec\fontspec.sty

(C:\Users\RL397SN\AppData\Local\Programs\MiKTeX\tex/latex/l3packages/xparse\xpa
rse.sty
(C:\Users\RL397SN\AppData\Local\Programs\MiKTeX\tex/latex/l3kernel\expl3.sty
Package: expl3 2025-12-24 L3 programming layer (loader) 

(C:\Users\RL397SN\AppData\Local\Programs\MiKTeX\tex/latex/l3backend\l3backend-x
etex.def
File: l3backend-xetex.def 2025-10-09 L3 backend support: XeTeX
\g__graphics_track_int=\count279
\g__pdfannot_backend_int=\count280
\g__pdfannot_backend_link_int=\count281
))
Package: xparse 2025-10-09 L3 Experimental document command parser
)
Package: fontspec 2025/09/29 v2.9g Font selection for XeLaTeX and LuaLaTeX

(C:\Users\RL397SN\AppData\Local\Programs\MiKTeX\tex/latex/fontspec\fontspec-xet
ex.sty
Package: fontspec-xetex 2025/09/29 v2.9g Font selection for XeLaTeX and LuaLaTe
X
\l__fontspec_script_int=\count282
\l__fontspec_language_int=\count283
\l__fontspec_strnum_int=\count284
\l__fontspec_tmp_int=\count285
\l__fontspec_tmpa_int=\count286
\l__fontspec_tmpb_int=\count287
\l__fontspec_tmpc_int=\count288
\l__fontspec_em_int=\count289
\l__fontspec_emdef_int=\count290
\l__fontspec_strong_int=\count291
\l__fontspec_strongdef_int=\count292
\l__fontspec_tmpa_dim=\dimen149
\l__fontspec_tmpb_dim=\dimen150
\l__fontspec_tmpc_dim=\dimen151

(C:\Users\RL397SN\AppData\Local\Programs\MiKTeX\tex/latex/base\fontenc.sty
Package: fontenc 2025/07/18 v2.1d Standard LaTeX package
)
(C:\Users\RL397SN\AppData\Local\Programs\MiKTeX\tex/latex/fontspec\fontspec.cfg
)))
(C:\Users\RL397SN\AppData\Local\Programs\MiKTeX\tex/latex/polyglossia\polygloss
ia.sty
Package: polyglossia 2026/04/18 v2.10 Modern multilingual typesetting with XeLa
TeX and LuaLaTeX

(C:\Users\RL397SN\AppData\Local\Programs\MiKTeX\tex/latex/etoolbox\etoolbox.sty
Package: etoolbox 2025/10/02 v2.5m e-TeX tools for LaTeX (JAW)
\etb@tempcnta=\count293
) (C:\Users\RL397SN\AppData\Local\Programs\MiKTeX\tex/generic/iftex\iftex.sty
Package: iftex 2024/12/12 v1.0g TeX engine tests
)
\l_xpg_alias_keyvals_int=\count294

(C:\Users\RL397SN\AppData\Local\Programs\MiKTeX\tex/latex/polyglossia\gloss-lat
ex.ldf
File: gloss-latex.ldf polyglossia: module for default language
))
(C:\Users\RL397SN\AppData\Local\Programs\MiKTeX\tex/latex/polyglossia\gloss-gre
ek.ldf
File: gloss-greek.ldf polyglossia: module for Greek

(C:\Users\RL397SN\AppData\Local\Programs\MiKTeX\tex/latex/polyglossia\xgreek-fi
xes.def)
\@attic@num=\count295
)

Package polyglossia Info: Default language is greek


(C:\Users\RL397SN\AppData\Local\Programs\MiKTeX\tex/latex/polyglossia\gloss-eng
lish.ldf
File: gloss-english.ldf polyglossia: module for English
)
(C:\Users\RL397SN\AppData\Local\Programs\MiKTeX\tex/latex/geometry\geometry.sty
Package: geometry 2026/03/07 v6.0 Page Geometry
(C:\Users\RL397SN\AppData\Local\Programs\MiKTeX\tex/latex/graphics\keyval.sty
Package: keyval 2022/05/29 v1.15 key=value parser (DPC)
\KV@toks@=\toks17
)
(C:\Users\RL397SN\AppData\Local\Programs\MiKTeX\tex/generic/iftex\ifvtex.sty
Package: ifvtex 2019/10/25 v1.7 ifvtex legacy package. Use iftex instead.
)
\Gm@cnth=\count296
\Gm@cntv=\count297
\c@Gm@tempcnt=\count298
\Gm@bindingoffset=\dimen152
\Gm@wd@mp=\dimen153
\Gm@odd@mp=\dimen154
\Gm@even@mp=\dimen155
\Gm@layoutwidth=\dimen156
\Gm@layoutheight=\dimen157
\Gm@layouthoffset=\dimen158
\Gm@layoutvoffset=\dimen159
\Gm@dimlist=\toks18

(C:\Users\RL397SN\AppData\Local\Programs\MiKTeX\tex/latex/geometry\geometry.cfg
))

Package fontspec Info: 
(fontspec)             Font family 'DejaVuSans.ttf(0)' created for font
(fontspec)             'DejaVuSans.ttf' with options [Ligatures=TeX,BoldFont =
(fontspec)             DejaVuSans-Bold.ttf,ItalicFont =
(fontspec)             DejaVuSans-Oblique.ttf,BoldItalicFont =
(fontspec)             DejaVuSans-BoldOblique.ttf,Mapping = tex-text].
(fontspec)              
(fontspec)              This font family consists of the following NFSS
(fontspec)             series/shapes:
(fontspec)              
(fontspec)             - 'normal' (m/n) with NFSS spec.:
(fontspec)             <->"[DejaVuSans.ttf]/OT:script=latn;language=dflt;mappin
g=tex-text;"
(fontspec)             - 'bold' (b/n) with NFSS spec.:
(fontspec)             <->"[DejaVuSans-Bold.ttf]/OT:script=latn;language=dflt;m
apping=tex-text;"
(fontspec)             - 'italic' (m/it) with NFSS spec.:
(fontspec)             <->"[DejaVuSans-Oblique.ttf]/OT:script=latn;language=dfl
t;mapping=tex-text;"
(fontspec)             - 'bold italic' (b/it) with NFSS spec.:
(fontspec)             <->"[DejaVuSans-BoldOblique.ttf]/OT:script=latn;language
=dflt;mapping=tex-text;"


Package fontspec Info: 
(fontspec)             DejaVuSansMono scale = 0.9999976748565969.


Package fontspec Info: 
(fontspec)             DejaVuSansMono scale = 0.9999976748565969.


Package fontspec Info: 
(fontspec)             DejaVuSansMono-Bold scale = 0.9999976748565969.


Package fontspec Info: 
(fontspec)             DejaVuSansMono-Oblique scale = 0.9999976748565969.


Package fontspec Info: 
(fontspec)             DejaVuSansMono-BoldOblique scale = 0.9999976748565969.


Package fontspec Info: 
(fontspec)             Font family 'DejaVuSansMono.ttf(0)' created for font
(fontspec)             'DejaVuSansMono.ttf' with options
(fontspec)             [WordSpace={1,0,0},HyphenChar=None,PunctuationSpace=Word
Space,BoldFont
(fontspec)             = DejaVuSansMono-Bold.ttf,ItalicFont =
(fontspec)             DejaVuSansMono-Oblique.ttf,BoldItalicFont =
(fontspec)             DejaVuSansMono-BoldOblique.ttf,Scale = MatchLowercase].
(fontspec)              
(fontspec)              This font family consists of the following NFSS
(fontspec)             series/shapes:
(fontspec)              
(fontspec)             - 'normal' (m/n) with NFSS spec.:
(fontspec)             <->s*[0.9999976748565969]"[DejaVuSansMono.ttf]/OT:script
=latn;language=dflt;"
(fontspec)             - 'bold' (b/n) with NFSS spec.:
(fontspec)             <->s*[0.9999976748565969]"[DejaVuSansMono-Bold.ttf]/OT:s
cript=latn;language=dflt;"
(fontspec)             - 'italic' (m/it) with NFSS spec.:
(fontspec)             <->s*[0.9999976748565969]"[DejaVuSansMono-Oblique.ttf]/O
T:script=latn;language=dflt;"
(fontspec)             - 'bold italic' (b/it) with NFSS spec.:
(fontspec)             <->s*[0.9999976748565969]"[DejaVuSansMono-BoldOblique.tt
f]/OT:script=latn;language=dflt;"


(C:\Users\RL397SN\AppData\Local\Programs\MiKTeX\tex/latex/amsmath\amsmath.sty
Package: amsmath 2025/07/09 v2.17z AMS math features
\@mathmargin=\skip51

For additional information on amsmath, use the `?' option.
(C:\Users\RL397SN\AppData\Local\Programs\MiKTeX\tex/latex/amsmath\amstext.sty
Package: amstext 2024/11/17 v2.01 AMS text

(C:\Users\RL397SN\AppData\Local\Programs\MiKTeX\tex/latex/amsmath\amsgen.sty
File: amsgen.sty 1999/11/30 v2.0 generic functions
\@emptytoks=\toks19
\ex@=\dimen160
))
(C:\Users\RL397SN\AppData\Local\Programs\MiKTeX\tex/latex/amsmath\amsbsy.sty
Package: amsbsy 1999/11/29 v1.2d Bold Symbols
\pmbraise@=\dimen161
)
(C:\Users\RL397SN\AppData\Local\Programs\MiKTeX\tex/latex/amsmath\amsopn.sty
Package: amsopn 2022/04/08 v2.04 operator names
)
\inf@bad=\count299
LaTeX Info: Redefining \frac on input line 233.
\uproot@=\count300
\leftroot@=\count301
LaTeX Info: Redefining \overline on input line 398.
LaTeX Info: Redefining \colon on input line 409.
\classnum@=\count302
\DOTSCASE@=\count303
LaTeX Info: Redefining \ldots on input line 495.
LaTeX Info: Redefining \dots on input line 498.
LaTeX Info: Redefining \cdots on input line 619.
\Mathstrutbox@=\box53
\strutbox@=\box54
LaTeX Info: Redefining \big on input line 721.
LaTeX Info: Redefining \Big on input line 722.
LaTeX Info: Redefining \bigg on input line 723.
LaTeX Info: Redefining \Bigg on input line 724.
\big@size=\dimen162
LaTeX Font Info:    Redeclaring font encoding OML on input line 742.
LaTeX Font Info:    Redeclaring font encoding OMS on input line 743.
\macc@depth=\count304
LaTeX Info: Redefining \bmod on input line 904.
LaTeX Info: Redefining \pmod on input line 909.
LaTeX Info: Redefining \smash on input line 939.
LaTeX Info: Redefining \relbar on input line 969.
LaTeX Info: Redefining \Relbar on input line 970.
\c@MaxMatrixCols=\count305
\dotsspace@=\muskip17
\c@parentequation=\count306
\dspbrk@lvl=\count307
\tag@help=\toks20
\row@=\count308
\column@=\count309
\maxfields@=\count310
\andhelp@=\toks21
\eqnshift@=\dimen163
\alignsep@=\dimen164
\tagshift@=\dimen165
\tagwidth@=\dimen166
\totwidth@=\dimen167
\lineht@=\dimen168
\@envbody=\toks22
\multlinegap=\skip52
\multlinetaggap=\skip53
\mathdisplay@stack=\toks23
LaTeX Info: Redefining \[ on input line 2950.
LaTeX Info: Redefining \] on input line 2951.
)
(C:\Users\RL397SN\AppData\Local\Programs\MiKTeX\tex/latex/unicode-math\unicode-
math.sty
Package: unicode-math 2023/08/13 v0.8r Unicode maths in XeLaTeX and LuaLaTeX

(C:\Users\RL397SN\AppData\Local\Programs\MiKTeX\tex/latex/unicode-math\unicode-
math-xetex.sty
Package: unicode-math-xetex 2023/08/13 v0.8r Unicode maths in XeLaTeX and LuaLa
TeX

(C:\Users\RL397SN\AppData\Local\Programs\MiKTeX\tex/latex/l3packages/l3keys2e\l
3keys2e.sty
Package: l3keys2e 2025-10-09 LaTeX2e option processing using LaTeX3 keys
)
(C:\Users\RL397SN\AppData\Local\Programs\MiKTeX\tex/latex/base\fix-cm.sty
Package: fix-cm 2020/11/24 v1.1t fixes to LaTeX

(C:\Users\RL397SN\AppData\Local\Programs\MiKTeX\tex/latex/base\ts1enc.def
File: ts1enc.def 2001/06/05 v3.0e (jk/car/fm) Standard LaTeX file
LaTeX Font Info:    Redeclaring font encoding TS1 on input line 47.
LaTeX Encoding Info:    Redeclaring text command \capitalcedilla (encoding TS1)
 on input line 49.
LaTeX Encoding Info:    Redeclaring text command \capitalogonek (encoding TS1) 
on input line 52.
LaTeX Encoding Info:    Redeclaring text command \capitalgrave (encoding TS1) o
n input line 55.
LaTeX Encoding Info:    Redeclaring text command \capitalacute (encoding TS1) o
n input line 56.
LaTeX Encoding Info:    Redeclaring text command \capitalcircumflex (encoding T
S1) on input line 57.
LaTeX Encoding Info:    Redeclaring text command \capitaltilde (encoding TS1) o
n input line 58.
LaTeX Encoding Info:    Redeclaring text command \capitaldieresis (encoding TS1
) on input line 59.
LaTeX Encoding Info:    Redeclaring text command \capitalhungarumlaut (encoding
 TS1) on input line 60.
LaTeX Encoding Info:    Redeclaring text command \capitalring (encoding TS1) on
 input line 61.
LaTeX Encoding Info:    Redeclaring text command \capitalcaron (encoding TS1) o
n input line 62.
LaTeX Encoding Info:    Redeclaring text command \capitalbreve (encoding TS1) o
n input line 63.
LaTeX Encoding Info:    Redeclaring text command \capitalmacron (encoding TS1) 
on input line 64.
LaTeX Encoding Info:    Redeclaring text command \capitaldotaccent (encoding TS
1) on input line 65.
LaTeX Encoding Info:    Redeclaring text command \t (encoding TS1) on input lin
e 66.
LaTeX Encoding Info:    Redeclaring text command \capitaltie (encoding TS1) on 
input line 67.
LaTeX Encoding Info:    Redeclaring text command \newtie (encoding TS1) on inpu
t line 68.
LaTeX Encoding Info:    Redeclaring text command \capitalnewtie (encoding TS1) 
on input line 69.
LaTeX Encoding Info:    Redeclaring text symbol \textcapitalcompwordmark (encod
ing TS1) on input line 70.
LaTeX Encoding Info:    Redeclaring text symbol \textascendercompwordmark (enco
ding TS1) on input line 71.
LaTeX Encoding Info:    Redeclaring text symbol \textquotestraightbase (encodin
g TS1) on input line 72.
LaTeX Encoding Info:    Redeclaring text symbol \textquotestraightdblbase (enco
ding TS1) on input line 73.
LaTeX Encoding Info:    Redeclaring text symbol \texttwelveudash (encoding TS1)
 on input line 74.
LaTeX Encoding Info:    Redeclaring text symbol \textthreequartersemdash (encod
ing TS1) on input line 75.
LaTeX Encoding Info:    Redeclaring text symbol \textleftarrow (encoding TS1) o
n input line 76.
LaTeX Encoding Info:    Redeclaring text symbol \textrightarrow (encoding TS1) 
on input line 77.
LaTeX Encoding Info:    Redeclaring text symbol \textblank (encoding TS1) on in
put line 78.
LaTeX Encoding Info:    Redeclaring text symbol \textdollar (encoding TS1) on i
nput line 79.
LaTeX Encoding Info:    Redeclaring text symbol \textquotesingle (encoding TS1)
 on input line 80.
LaTeX Encoding Info:    Redeclaring text command \textasteriskcentered (encodin
g TS1) on input line 81.
LaTeX Encoding Info:    Redeclaring text symbol \textdblhyphen (encoding TS1) o
n input line 92.
LaTeX Encoding Info:    Redeclaring text symbol \textfractionsolidus (encoding 
TS1) on input line 93.
LaTeX Encoding Info:    Redeclaring text symbol \textzerooldstyle (encoding TS1
) on input line 94.
LaTeX Encoding Info:    Redeclaring text symbol \textoneoldstyle (encoding TS1)
 on input line 95.
LaTeX Encoding Info:    Redeclaring text symbol \texttwooldstyle (encoding TS1)
 on input line 96.
LaTeX Encoding Info:    Redeclaring text symbol \textthreeoldstyle (encoding TS
1) on input line 97.
LaTeX Encoding Info:    Redeclaring text symbol \textfouroldstyle (encoding TS1
) on input line 98.
LaTeX Encoding Info:    Redeclaring text symbol \textfiveoldstyle (encoding TS1
) on input line 99.
LaTeX Encoding Info:    Redeclaring text symbol \textsixoldstyle (encoding TS1)
 on input line 100.
LaTeX Encoding Info:    Redeclaring text symbol \textsevenoldstyle (encoding TS
1) on input line 101.
LaTeX Encoding Info:    Redeclaring text symbol \texteightoldstyle (encoding TS
1) on input line 102.
LaTeX Encoding Info:    Redeclaring text symbol \textnineoldstyle (encoding TS1
) on input line 103.
LaTeX Encoding Info:    Redeclaring text symbol \textlangle (encoding TS1) on i
nput line 104.
LaTeX Encoding Info:    Redeclaring text symbol \textminus (encoding TS1) on in
put line 105.
LaTeX Encoding Info:    Redeclaring text symbol \textrangle (encoding TS1) on i
nput line 106.
LaTeX Encoding Info:    Redeclaring text symbol \textmho (encoding TS1) on inpu
t line 107.
LaTeX Encoding Info:    Redeclaring text symbol \textbigcircle (encoding TS1) o
n input line 108.
LaTeX Encoding Info:    Redeclaring text command \textcircled (encoding TS1) on
 input line 109.
LaTeX Encoding Info:    Redeclaring text symbol \textohm (encoding TS1) on inpu
t line 115.
LaTeX Encoding Info:    Redeclaring text symbol \textlbrackdbl (encoding TS1) o
n input line 116.
LaTeX Encoding Info:    Redeclaring text symbol \textrbrackdbl (encoding TS1) o
n input line 117.
LaTeX Encoding Info:    Redeclaring text symbol \textuparrow (encoding TS1) on 
input line 118.
LaTeX Encoding Info:    Redeclaring text symbol \textdownarrow (encoding TS1) o
n input line 119.
LaTeX Encoding Info:    Redeclaring text symbol \textasciigrave (encoding TS1) 
on input line 120.
LaTeX Encoding Info:    Redeclaring text symbol \textborn (encoding TS1) on inp
ut line 121.
LaTeX Encoding Info:    Redeclaring text symbol \textdivorced (encoding TS1) on
 input line 122.
LaTeX Encoding Info:    Redeclaring text symbol \textdied (encoding TS1) on inp
ut line 123.
LaTeX Encoding Info:    Redeclaring text symbol \textleaf (encoding TS1) on inp
ut line 124.
LaTeX Encoding Info:    Redeclaring text symbol \textmarried (encoding TS1) on 
input line 125.
LaTeX Encoding Info:    Redeclaring text symbol \textmusicalnote (encoding TS1)
 on input line 126.
LaTeX Encoding Info:    Redeclaring text symbol \texttildelow (encoding TS1) on
 input line 127.
LaTeX Encoding Info:    Redeclaring text symbol \textdblhyphenchar (encoding TS
1) on input line 128.
LaTeX Encoding Info:    Redeclaring text symbol \textasciibreve (encoding TS1) 
on input line 129.
LaTeX Encoding Info:    Redeclaring text symbol \textasciicaron (encoding TS1) 
on input line 130.
LaTeX Encoding Info:    Redeclaring text symbol \textacutedbl (encoding TS1) on
 input line 131.
LaTeX Encoding Info:    Redeclaring text symbol \textgravedbl (encoding TS1) on
 input line 132.
LaTeX Encoding Info:    Redeclaring text symbol \textdagger (encoding TS1) on i
nput line 133.
LaTeX Encoding Info:    Redeclaring text symbol \textdaggerdbl (encoding TS1) o
n input line 134.
LaTeX Encoding Info:    Redeclaring text symbol \textbardbl (encoding TS1) on i
nput line 135.
LaTeX Encoding Info:    Redeclaring text symbol \textperthousand (encoding TS1)
 on input line 136.
LaTeX Encoding Info:    Redeclaring text symbol \textbullet (encoding TS1) on i
nput line 137.
LaTeX Encoding Info:    Redeclaring text symbol \textcelsius (encoding TS1) on 
input line 138.
LaTeX Encoding Info:    Redeclaring text symbol \textdollaroldstyle (encoding T
S1) on input line 139.
LaTeX Encoding Info:    Redeclaring text symbol \textcentoldstyle (encoding TS1
) on input line 140.
LaTeX Encoding Info:    Redeclaring text symbol \textflorin (encoding TS1) on i
nput line 141.
LaTeX Encoding Info:    Redeclaring text symbol \textcolonmonetary (encoding TS
1) on input line 142.
LaTeX Encoding Info:    Redeclaring text symbol \textwon (encoding TS1) on inpu
t line 143.
LaTeX Encoding Info:    Redeclaring text symbol \textnaira (encoding TS1) on in
put line 144.
LaTeX Encoding Info:    Redeclaring text symbol \textguarani (encoding TS1) on 
input line 145.
LaTeX Encoding Info:    Redeclaring text symbol \textpeso (encoding TS1) on inp
ut line 146.
LaTeX Encoding Info:    Redeclaring text symbol \textlira (encoding TS1) on inp
ut line 147.
LaTeX Encoding Info:    Redeclaring text symbol \textrecipe (encoding TS1) on i
nput line 148.
LaTeX Encoding Info:    Redeclaring text symbol \textinterrobang (encoding TS1)
 on input line 149.
LaTeX Encoding Info:    Redeclaring text symbol \textinterrobangdown (encoding 
TS1) on input line 150.
LaTeX Encoding Info:    Redeclaring text symbol \textdong (encoding TS1) on inp
ut line 151.
LaTeX Encoding Info:    Redeclaring text symbol \texttrademark (encoding TS1) o
n input line 152.
LaTeX Encoding Info:    Redeclaring text symbol \textpertenthousand (encoding T
S1) on input line 153.
LaTeX Encoding Info:    Redeclaring text symbol \textpilcrow (encoding TS1) on 
input line 154.
LaTeX Encoding Info:    Redeclaring text symbol \textbaht (encoding TS1) on inp
ut line 155.
LaTeX Encoding Info:    Redeclaring text symbol \textnumero (encoding TS1) on i
nput line 156.
LaTeX Encoding Info:    Redeclaring text symbol \textdiscount (encoding TS1) on
 input line 157.
LaTeX Encoding Info:    Redeclaring text symbol \textestimated (encoding TS1) o
n input line 158.
LaTeX Encoding Info:    Redeclaring text symbol \textopenbullet (encoding TS1) 
on input line 159.
LaTeX Encoding Info:    Redeclaring text symbol \textservicemark (encoding TS1)
 on input line 160.
LaTeX Encoding Info:    Redeclaring text symbol \textlquill (encoding TS1) on i
nput line 161.
LaTeX Encoding Info:    Redeclaring text symbol \textrquill (encoding TS1) on i
nput line 162.
LaTeX Encoding Info:    Redeclaring text symbol \textcent (encoding TS1) on inp
ut line 163.
LaTeX Encoding Info:    Redeclaring text symbol \textsterling (encoding TS1) on
 input line 164.
LaTeX Encoding Info:    Redeclaring text symbol \textcurrency (encoding TS1) on
 input line 165.
LaTeX Encoding Info:    Redeclaring text symbol \textyen (encoding TS1) on inpu
t line 166.
LaTeX Encoding Info:    Redeclaring text symbol \textbrokenbar (encoding TS1) o
n input line 167.
LaTeX Encoding Info:    Redeclaring text symbol \textsection (encoding TS1) on 
input line 168.
LaTeX Encoding Info:    Redeclaring text symbol \textasciidieresis (encoding TS
1) on input line 169.
LaTeX Encoding Info:    Redeclaring text symbol \textcopyright (encoding TS1) o
n input line 170.
LaTeX Encoding Info:    Redeclaring text symbol \textordfeminine (encoding TS1)
 on input line 171.
LaTeX Encoding Info:    Redeclaring text symbol \textcopyleft (encoding TS1) on
 input line 172.
LaTeX Encoding Info:    Redeclaring text symbol \textlnot (encoding TS1) on inp
ut line 173.
LaTeX Encoding Info:    Redeclaring text symbol \textcircledP (encoding TS1) on
 input line 174.
LaTeX Encoding Info:    Redeclaring text symbol \textregistered (encoding TS1) 
on input line 175.
LaTeX Encoding Info:    Redeclaring text symbol \textasciimacron (encoding TS1)
 on input line 176.
LaTeX Encoding Info:    Redeclaring text symbol \textdegree (encoding TS1) on i
nput line 177.
LaTeX Encoding Info:    Redeclaring text symbol \textpm (encoding TS1) on input
 line 178.
LaTeX Encoding Info:    Redeclaring text symbol \texttwosuperior (encoding TS1)
 on input line 179.
LaTeX Encoding Info:    Redeclaring text symbol \textthreesuperior (encoding TS
1) on input line 180.
LaTeX Encoding Info:    Redeclaring text symbol \textasciiacute (encoding TS1) 
on input line 181.
LaTeX Encoding Info:    Redeclaring text symbol \textmu (encoding TS1) on input
 line 182.
LaTeX Encoding Info:    Redeclaring text symbol \textparagraph (encoding TS1) o
n input line 183.
LaTeX Encoding Info:    Redeclaring text symbol \textperiodcentered (encoding T
S1) on input line 184.
LaTeX Encoding Info:    Redeclaring text symbol \textreferencemark (encoding TS
1) on input line 185.
LaTeX Encoding Info:    Redeclaring text symbol \textonesuperior (encoding TS1)
 on input line 186.
LaTeX Encoding Info:    Redeclaring text symbol \textordmasculine (encoding TS1
) on input line 187.
LaTeX Encoding Info:    Redeclaring text symbol \textsurd (encoding TS1) on inp
ut line 188.
LaTeX Encoding Info:    Redeclaring text symbol \textonequarter (encoding TS1) 
on input line 189.
LaTeX Encoding Info:    Redeclaring text symbol \textonehalf (encoding TS1) on 
input line 190.
LaTeX Encoding Info:    Redeclaring text symbol \textthreequarters (encoding TS
1) on input line 191.
LaTeX Encoding Info:    Redeclaring text symbol \texteuro (encoding TS1) on inp
ut line 192.
LaTeX Encoding Info:    Redeclaring text symbol \texttimes (encoding TS1) on in
put line 193.
LaTeX Encoding Info:    Redeclaring text symbol \textdiv (encoding TS1) on inpu
t line 194.
))
\g__um_fam_int=\count311
\g__um_fonts_used_int=\count312
\l__um_primecount_int=\count313
\g__um_primekern_muskip=\muskip18

(C:\Users\RL397SN\AppData\Local\Programs\MiKTeX\tex/latex/unicode-math\unicode-
math-table.tex)))

Package fontspec Info: 
(fontspec)             Font family 'latinmodern-math.otf(0)' created for font
(fontspec)             'latinmodern-math.otf' with options
(fontspec)             [BoldItalicFont={},ItalicFont={},SmallCapsFont={},Script
=Math].
(fontspec)              
(fontspec)              This font family consists of the following NFSS
(fontspec)             series/shapes:
(fontspec)              
(fontspec)             - 'normal' (m/n) with NFSS spec.:
(fontspec)             <->"[latinmodern-math.otf]/OT:script=math;language=dflt;
"


Package fontspec Info: 
(fontspec)             Font family 'latinmodern-math.otf(1)' created for font
(fontspec)             'latinmodern-math.otf' with options
(fontspec)             [BoldItalicFont={},ItalicFont={},SmallCapsFont={},Script
=Math,SizeFeatures={{Size=10.2-},{Size=7.2-10.2,Font=latinmodern-math.otf,Style
=MathScript},{Size=-7.2,Font=latinmodern-math.otf,Style=MathScriptScript}}].
(fontspec)              
(fontspec)              This font family consists of the following NFSS
(fontspec)             series/shapes:
(fontspec)              
(fontspec)             - 'normal' (m/n) with NFSS spec.:
(fontspec)             <10.2->"[latinmodern-math.otf]/OT:script=math;language=d
flt;"<7.2-10.2>"[latinmodern-math.otf]/OT:script=math;language=dflt;+ssty=0;"<-
7.2>"[latinmodern-math.otf]/OT:script=math;language=dflt;+ssty=1;"

LaTeX Font Info:    Encoding `OT1' has changed to `TU' for symbol font
(Font)              `operators' in the math version `normal' on input line 48.
LaTeX Font Info:    Overwriting symbol font `operators' in version `normal'
(Font)                  OT1/cmr/m/n --> TU/latinmodern-math.otf(1)/m/n on input
 line 48.
LaTeX Font Info:    Encoding `OT1' has changed to `TU' for symbol font
(Font)              `operators' in the math version `bold' on input line 48.
LaTeX Font Info:    Overwriting symbol font `operators' in version `bold'
(Font)                  OT1/cmr/bx/n --> TU/latinmodern-math.otf(1)/b/n on inpu
t line 48.

Package fontspec Info: 
(fontspec)             latinmodern-math scale = 1.0001.


Package fontspec Info: 
(fontspec)             latinmodern-math scale = 1.0001.


Package fontspec Info: 
(fontspec)             latinmodern-math scale = 1.0001.


Package fontspec Info: 
(fontspec)             latinmodern-math scale = 1.0001.


Package fontspec Info: 
(fontspec)             Font family 'latinmodern-math.otf(2)' created for font
(fontspec)             'latinmodern-math.otf' with options
(fontspec)             [BoldItalicFont={},ItalicFont={},SmallCapsFont={},Script
=Math,SizeFeatures={{Size=10.2-},{Size=7.2-10.2,Font=latinmodern-math.otf,Style
=MathScript},{Size=-7.2,Font=latinmodern-math.otf,Style=MathScriptScript}},Scal
eAgain=1.0001,FontAdjustment={\fontdimen
(fontspec)             8\font =8.124pt\relax \fontdimen 9\font =4.728pt\relax
(fontspec)             \fontdimen 10\font =5.328pt\relax \fontdimen 11\font
(fontspec)             =8.232pt\relax \fontdimen 12\font =4.14pt\relax
(fontspec)             \fontdimen 13\font =4.356pt\relax \fontdimen 14\font
(fontspec)             =4.356pt\relax \fontdimen 15\font =3.468pt\relax
(fontspec)             \fontdimen 16\font =2.964pt\relax \fontdimen 17\font
(fontspec)             =2.964pt\relax \fontdimen 18\font =3.0pt\relax
(fontspec)             \fontdimen 19\font =2.4pt\relax \fontdimen 22\font
(fontspec)             =3.0pt\relax \fontdimen 20\font =0pt\relax \fontdimen
(fontspec)             21\font =0pt\relax }].
(fontspec)              
(fontspec)              This font family consists of the following NFSS
(fontspec)             series/shapes:
(fontspec)              
(fontspec)             - 'normal' (m/n) with NFSS spec.:
(fontspec)             <10.2->s*[1.0001]"[latinmodern-math.otf]/OT:script=math;
language=dflt;"<7.2-10.2>s*[1.0001]"[latinmodern-math.otf]/OT:script=math;langu
age=dflt;+ssty=0;"<-7.2>s*[1.0001]"[latinmodern-math.otf]/OT:script=math;langua
ge=dflt;+ssty=1;"

LaTeX Font Info:    Encoding `OMS' has changed to `TU' for symbol font
(Font)              `symbols' in the math version `normal' on input line 48.
LaTeX Font Info:    Overwriting symbol font `symbols' in version `normal'
(Font)                  OMS/cmsy/m/n --> TU/latinmodern-math.otf(2)/m/n on inpu
t line 48.
LaTeX Font Info:    Encoding `OMS' has changed to `TU' for symbol font
(Font)              `symbols' in the math version `bold' on input line 48.
LaTeX Font Info:    Overwriting symbol font `symbols' in version `bold'
(Font)                  OMS/cmsy/b/n --> TU/latinmodern-math.otf(2)/b/n on inpu
t line 48.

Package fontspec Info: 
(fontspec)             latinmodern-math scale = 0.9999.


Package fontspec Info: 
(fontspec)             latinmodern-math scale = 0.9999.


Package fontspec Info: 
(fontspec)             latinmodern-math scale = 0.9999.


Package fontspec Info: 
(fontspec)             latinmodern-math scale = 0.9999.


Package fontspec Info: 
(fontspec)             Font family 'latinmodern-math.otf(3)' created for font
(fontspec)             'latinmodern-math.otf' with options
(fontspec)             [BoldItalicFont={},ItalicFont={},SmallCapsFont={},Script
=Math,SizeFeatures={{Size=10.2-},{Size=7.2-10.2,Font=latinmodern-math.otf,Style
=MathScript},{Size=-7.2,Font=latinmodern-math.otf,Style=MathScriptScript}},Scal
eAgain=0.9999,FontAdjustment={\fontdimen
(fontspec)             8\font =0.48pt\relax \fontdimen 9\font =2.4pt\relax
(fontspec)             \fontdimen 10\font =2.004pt\relax \fontdimen 11\font
(fontspec)             =1.332pt\relax \fontdimen 12\font =7.2pt\relax
(fontspec)             \fontdimen 13\font =0pt\relax }].
(fontspec)              
(fontspec)              This font family consists of the following NFSS
(fontspec)             series/shapes:
(fontspec)              
(fontspec)             - 'normal' (m/n) with NFSS spec.:
(fontspec)             <10.2->s*[0.9999]"[latinmodern-math.otf]/OT:script=math;
language=dflt;"<7.2-10.2>s*[0.9999]"[latinmodern-math.otf]/OT:script=math;langu
age=dflt;+ssty=0;"<-7.2>s*[0.9999]"[latinmodern-math.otf]/OT:script=math;langua
ge=dflt;+ssty=1;"

LaTeX Font Info:    Encoding `OMX' has changed to `TU' for symbol font
(Font)              `largesymbols' in the math version `normal' on input line 4
8.
LaTeX Font Info:    Overwriting symbol font `largesymbols' in version `normal'
(Font)                  OMX/cmex/m/n --> TU/latinmodern-math.otf(3)/m/n on inpu
t line 48.
LaTeX Font Info:    Encoding `OMX' has changed to `TU' for symbol font
(Font)              `largesymbols' in the math version `bold' on input line 48.

LaTeX Font Info:    Overwriting symbol font `largesymbols' in version `bold'
(Font)                  OMX/cmex/m/n --> TU/latinmodern-math.otf(3)/b/n on inpu
t line 48.

Package fontspec Info: 
(fontspec)             DejaVuSans scale = 0.9999976748565969.


Package fontspec Info: 
(fontspec)             DejaVuSans scale = 0.9999976748565969.


Package fontspec Info: 
(fontspec)             DejaVuSans scale = 0.9999976748565969.


Package fontspec Info: 
(fontspec)             DejaVuSans scale = 0.9999976748565969.


Package fontspec Info: 
(fontspec)             Font family 'DejaVuSans.ttf(1)' created for font
(fontspec)             'DejaVuSans.ttf' with options
(fontspec)             [BoldItalicFont={},ItalicFont={},SmallCapsFont={},Script
=Math,SizeFeatures={{Size=10.2-},{Size=7.2-10.2,Font=DejaVuSans.ttf,Style=MathS
cript},{Size=-7.2,Font=DejaVuSans.ttf,Style=MathScriptScript}},Scale={MatchLowe
rcase}].
(fontspec)              
(fontspec)              This font family consists of the following NFSS
(fontspec)             series/shapes:
(fontspec)              
(fontspec)             - 'normal' (m/n) with NFSS spec.:
(fontspec)             <10.2->s*[0.9999976748565969]"[DejaVuSans.ttf]/OT:script
=math;language=dflt;"<7.2-10.2>s*[0.9999976748565969]"[DejaVuSans.ttf]/OT:scrip
t=math;language=dflt;+ssty=0;"<-7.2>s*[0.9999976748565969]"[DejaVuSans.ttf]/OT:
script=math;language=dflt;+ssty=1;"

LaTeX Font Info:    Font shape `TU/DejaVuSans.ttf(1)/m/n' will be
(Font)              scaled to size 12.0pt on input line 48.
\sym__um_fam1=\mathgroup4
LaTeX Font Info:    Overwriting symbol font `__um_fam1' in version `normal'
(Font)                  TU/DejaVuSans.ttf(1)/m/n --> TU/DejaVuSans.ttf(1)/m/n o
n input line 48.
LaTeX Font Info:    Overwriting symbol font `__um_fam1' in version `bold'
(Font)                  TU/DejaVuSans.ttf(1)/m/n --> TU/DejaVuSans.ttf(1)/b/n o
n input line 48.

Package fontspec Info: 
(fontspec)             DejaVuSans scale = 0.9999976748565969.

\sym__um_fam2=\mathgroup5
LaTeX Font Info:    Overwriting symbol font `__um_fam2' in version `normal'
(Font)                  TU/DejaVuSans.ttf(1)/m/n --> TU/DejaVuSans.ttf(1)/m/n o
n input line 49.
LaTeX Font Info:    Overwriting symbol font `__um_fam2' in version `bold'
(Font)                  TU/DejaVuSans.ttf(1)/m/n --> TU/DejaVuSans.ttf(1)/b/n o
n input line 49.

Package fontspec Info: 
(fontspec)             DejaVuSans scale = 0.9999976748565969.

\sym__um_fam3=\mathgroup6
LaTeX Font Info:    Overwriting symbol font `__um_fam3' in version `normal'
(Font)                  TU/DejaVuSans.ttf(1)/m/n --> TU/DejaVuSans.ttf(1)/m/n o
n input line 50.
LaTeX Font Info:    Overwriting symbol font `__um_fam3' in version `bold'
(Font)                  TU/DejaVuSans.ttf(1)/m/n --> TU/DejaVuSans.ttf(1)/b/n o
n input line 50.

Package fontspec Info: 
(fontspec)             DejaVuSans-Oblique scale = 0.9999976748565969.


Package fontspec Info: 
(fontspec)             DejaVuSans-Oblique scale = 0.9999976748565969.


Package fontspec Info: 
(fontspec)             DejaVuSans-Oblique scale = 0.9999976748565969.


Package fontspec Info: 
(fontspec)             DejaVuSans-Oblique scale = 0.9999976748565969.


Package fontspec Info: 
(fontspec)             Font family 'DejaVuSans-Oblique.ttf(0)' created for
(fontspec)             font 'DejaVuSans-Oblique.ttf' with options
(fontspec)             [BoldItalicFont={},ItalicFont={},SmallCapsFont={},Script
=Math,SizeFeatures={{Size=10.2-},{Size=7.2-10.2,Font=DejaVuSans-Oblique.ttf,Sty
le=MathScript},{Size=-7.2,Font=DejaVuSans-Oblique.ttf,Style=MathScriptScript}},
Scale={MatchLowercase}].
(fontspec)              
(fontspec)              This font family consists of the following NFSS
(fontspec)             series/shapes:
(fontspec)              
(fontspec)             - 'normal' (m/n) with NFSS spec.:
(fontspec)             <10.2->s*[0.9999976748565969]"[DejaVuSans-Oblique.ttf]/O
T:script=math;language=dflt;"<7.2-10.2>s*[0.9999976748565969]"[DejaVuSans-Obliq
ue.ttf]/OT:script=math;language=dflt;+ssty=0;"<-7.2>s*[0.9999976748565969]"[Dej
aVuSans-Oblique.ttf]/OT:script=math;language=dflt;+ssty=1;"

LaTeX Font Info:    Font shape `TU/DejaVuSans-Oblique.ttf(0)/m/n' will be
(Font)              scaled to size 12.0pt on input line 51.
\sym__um_fam4=\mathgroup7
LaTeX Font Info:    Overwriting symbol font `__um_fam4' in version `normal'
(Font)                  TU/DejaVuSans-Oblique.ttf(0)/m/n --> TU/DejaVuSans-Obli
que.ttf(0)/m/n on input line 51.
LaTeX Font Info:    Overwriting symbol font `__um_fam4' in version `bold'
(Font)                  TU/DejaVuSans-Oblique.ttf(0)/m/n --> TU/DejaVuSans-Obli
que.ttf(0)/b/n on input line 51.

(C:\Users\RL397SN\AppData\Local\Programs\MiKTeX\tex/latex/microtype\microtype.s
ty
Package: microtype 2026/03/01 v3.2d Micro-typographical refinements (RS)
\MT@toks=\toks24
\MT@tempbox=\box55
\MT@count=\count314
LaTeX Info: Redefining \noprotrusionifhmode on input line 1084.
LaTeX Info: Redefining \leftprotrusion on input line 1085.
\MT@prot@toks=\toks25
LaTeX Info: Redefining \rightprotrusion on input line 1104.
LaTeX Info: Redefining \textls on input line 1449.
\MT@outer@kern=\dimen169
LaTeX Info: Redefining \microtypecontext on input line 2053.
LaTeX Info: Redefining \textmicrotypecontext on input line 2070.
\MT@listname@count=\count315

(C:\Users\RL397SN\AppData\Local\Programs\MiKTeX\tex/latex/microtype\microtype-x
etex.def
File: microtype-xetex.def 2026/03/01 v3.2d Definitions specific to xetex (RS)
LaTeX Info: Redefining \lsstyle on input line 443.
LaTeX Info: Redefining \lslig on input line 451.
\MT@outer@space=\skip54
)
Package microtype Info: Loading configuration file microtype.cfg.

(C:\Users\RL397SN\AppData\Local\Programs\MiKTeX\tex/latex/microtype\microtype.c
fg
File: microtype.cfg 2026/03/01 v3.2d microtype main configuration file (RS)
)
LaTeX Info: Redefining \microtypesetup on input line 3065.
)
(C:\Users\RL397SN\AppData\Local\Programs\MiKTeX\tex/latex/graphics\graphicx.sty
Package: graphicx 2024/12/31 v1.2e Enhanced LaTeX Graphics (DPC,SPQR)

(C:\Users\RL397SN\AppData\Local\Programs\MiKTeX\tex/latex/graphics\graphics.sty
Package: graphics 2024/08/06 v1.4g Standard LaTeX Graphics (DPC,SPQR)
(C:\Users\RL397SN\AppData\Local\Programs\MiKTeX\tex/latex/graphics\trig.sty
Package: trig 2023/12/02 v1.11 sin cos tan (DPC)
)
(C:\Users\RL397SN\AppData\Local\Programs\MiKTeX\tex/latex/graphics-cfg\graphics
.cfg
File: graphics.cfg 2016/06/04 v1.11 sample graphics configuration
)
Package graphics Info: Driver file: xetex.def on input line 106.

(C:\Users\RL397SN\AppData\Local\Programs\MiKTeX\tex/latex/graphics-def\xetex.de
f
File: xetex.def 2025/11/01 v5.0p Graphics/color driver for xetex
))
\Gin@req@height=\dimen170
\Gin@req@width=\dimen171
) (C:\Users\RL397SN\AppData\Local\Programs\MiKTeX\tex/latex/float\float.sty
Package: float 2001/11/08 v1.3d Float enhancements (AL)
\c@float@type=\count316
\float@exts=\toks26
\float@box=\box56
\@float@everytoks=\toks27
\@floatcapt=\box57
)
(C:\Users\RL397SN\AppData\Local\Programs\MiKTeX\tex/latex/pgf/frontendlayer\tik
z.sty
(C:\Users\RL397SN\AppData\Local\Programs\MiKTeX\tex/latex/pgf/basiclayer\pgf.st
y
(C:\Users\RL397SN\AppData\Local\Programs\MiKTeX\tex/latex/pgf/utilities\pgfrcs.
sty
(C:\Users\RL397SN\AppData\Local\Programs\MiKTeX\tex/generic/pgf/utilities\pgfut
il-common.tex
\pgfutil@everybye=\toks28
\pgfutil@tempdima=\dimen172
\pgfutil@tempdimb=\dimen173
)
(C:\Users\RL397SN\AppData\Local\Programs\MiKTeX\tex/generic/pgf/utilities\pgfut
il-latex.def
\pgfutil@abb=\box58
)
(C:\Users\RL397SN\AppData\Local\Programs\MiKTeX\tex/generic/pgf/utilities\pgfrc
s.code.tex
(C:\Users\RL397SN\AppData\Local\Programs\MiKTeX\tex/generic/pgf\pgf.revision.te
x)
Package: pgfrcs 2025-08-29 v3.1.11a (3.1.11a)
))
Package: pgf 2025-08-29 v3.1.11a (3.1.11a)

(C:\Users\RL397SN\AppData\Local\Programs\MiKTeX\tex/latex/pgf/basiclayer\pgfcor
e.sty
(C:\Users\RL397SN\AppData\Local\Programs\MiKTeX\tex/latex/pgf/systemlayer\pgfsy
s.sty
(C:\Users\RL397SN\AppData\Local\Programs\MiKTeX\tex/generic/pgf/systemlayer\pgf
sys.code.tex
Package: pgfsys 2025-08-29 v3.1.11a (3.1.11a)

(C:\Users\RL397SN\AppData\Local\Programs\MiKTeX\tex/generic/pgf/utilities\pgfke
ys.code.tex
\pgfkeys@pathtoks=\toks29
\pgfkeys@temptoks=\toks30

(C:\Users\RL397SN\AppData\Local\Programs\MiKTeX\tex/generic/pgf/utilities\pgfke
yslibraryfiltered.code.tex
\pgfkeys@tmptoks=\toks31
))
\pgf@x=\dimen174
\pgf@y=\dimen175
\pgf@xa=\dimen176
\pgf@ya=\dimen177
\pgf@xb=\dimen178
\pgf@yb=\dimen179
\pgf@xc=\dimen180
\pgf@yc=\dimen181
\pgf@xd=\dimen182
\pgf@yd=\dimen183
\w@pgf@writea=\write3
\r@pgf@reada=\read2
\c@pgf@counta=\count317
\c@pgf@countb=\count318
\c@pgf@countc=\count319
\c@pgf@countd=\count320
\t@pgf@toka=\toks32
\t@pgf@tokb=\toks33
\t@pgf@tokc=\toks34
\pgf@sys@id@count=\count321

(C:\Users\RL397SN\AppData\Local\Programs\MiKTeX\tex/generic/pgf/systemlayer\pgf
.cfg
File: pgf.cfg 2025-08-29 v3.1.11a (3.1.11a)
)
Driver file for pgf: pgfsys-xetex.def

(C:\Users\RL397SN\AppData\Local\Programs\MiKTeX\tex/generic/pgf/systemlayer\pgf
sys-xetex.def
File: pgfsys-xetex.def 2025-08-29 v3.1.11a (3.1.11a)

(C:\Users\RL397SN\AppData\Local\Programs\MiKTeX\tex/generic/pgf/systemlayer\pgf
sys-dvipdfmx.def
File: pgfsys-dvipdfmx.def 2025-08-29 v3.1.11a (3.1.11a)

(C:\Users\RL397SN\AppData\Local\Programs\MiKTeX\tex/generic/pgf/systemlayer\pgf
sys-common-pdf.def
File: pgfsys-common-pdf.def 2025-08-29 v3.1.11a (3.1.11a)
)
\pgfsys@objnum=\count322
)))
(C:\Users\RL397SN\AppData\Local\Programs\MiKTeX\tex/generic/pgf/systemlayer\pgf
syssoftpath.code.tex
File: pgfsyssoftpath.code.tex 2025-08-29 v3.1.11a (3.1.11a)
\pgfsyssoftpath@smallbuffer@items=\count323
\pgfsyssoftpath@bigbuffer@items=\count324
)
(C:\Users\RL397SN\AppData\Local\Programs\MiKTeX\tex/generic/pgf/systemlayer\pgf
sysprotocol.code.tex
File: pgfsysprotocol.code.tex 2025-08-29 v3.1.11a (3.1.11a)
))
(C:\Users\RL397SN\AppData\Local\Programs\MiKTeX\tex/latex/xcolor\xcolor.sty
Package: xcolor 2024/09/29 v3.02 LaTeX color extensions (UK)

(C:\Users\RL397SN\AppData\Local\Programs\MiKTeX\tex/latex/graphics-cfg\color.cf
g
File: color.cfg 2016/01/02 v1.6 sample color configuration
)
Package xcolor Info: Driver file: xetex.def on input line 274.

(C:\Users\RL397SN\AppData\Local\Programs\MiKTeX\tex/latex/graphics\mathcolor.lt
x)
Package xcolor Info: Model `cmy' substituted by `cmy0' on input line 1349.
Package xcolor Info: Model `RGB' extended on input line 1365.
Package xcolor Info: Model `HTML' substituted by `rgb' on input line 1367.
Package xcolor Info: Model `Hsb' substituted by `hsb' on input line 1368.
Package xcolor Info: Model `tHsb' substituted by `hsb' on input line 1369.
Package xcolor Info: Model `HSB' substituted by `hsb' on input line 1370.
Package xcolor Info: Model `Gray' substituted by `gray' on input line 1371.
Package xcolor Info: Model `wave' substituted by `hsb' on input line 1372.
)
(C:\Users\RL397SN\AppData\Local\Programs\MiKTeX\tex/generic/pgf/basiclayer\pgfc
ore.code.tex
Package: pgfcore 2025-08-29 v3.1.11a (3.1.11a)

(C:\Users\RL397SN\AppData\Local\Programs\MiKTeX\tex/generic/pgf/math\pgfmath.co
de.tex
(C:\Users\RL397SN\AppData\Local\Programs\MiKTeX\tex/generic/pgf/math\pgfmathuti
l.code.tex)
(C:\Users\RL397SN\AppData\Local\Programs\MiKTeX\tex/generic/pgf/math\pgfmathpar
ser.code.tex
\pgfmath@dimen=\dimen184
\pgfmath@count=\count325
\pgfmath@box=\box59
\pgfmath@toks=\toks35
\pgfmath@stack@operand=\toks36
\pgfmath@stack@operation=\toks37
)
(C:\Users\RL397SN\AppData\Local\Programs\MiKTeX\tex/generic/pgf/math\pgfmathfun
ctions.code.tex)
(C:\Users\RL397SN\AppData\Local\Programs\MiKTeX\tex/generic/pgf/math\pgfmathfun
ctions.basic.code.tex)
(C:\Users\RL397SN\AppData\Local\Programs\MiKTeX\tex/generic/pgf/math\pgfmathfun
ctions.trigonometric.code.tex)
(C:\Users\RL397SN\AppData\Local\Programs\MiKTeX\tex/generic/pgf/math\pgfmathfun
ctions.random.code.tex)
(C:\Users\RL397SN\AppData\Local\Programs\MiKTeX\tex/generic/pgf/math\pgfmathfun
ctions.comparison.code.tex)
(C:\Users\RL397SN\AppData\Local\Programs\MiKTeX\tex/generic/pgf/math\pgfmathfun
ctions.base.code.tex)
(C:\Users\RL397SN\AppData\Local\Programs\MiKTeX\tex/generic/pgf/math\pgfmathfun
ctions.round.code.tex)
(C:\Users\RL397SN\AppData\Local\Programs\MiKTeX\tex/generic/pgf/math\pgfmathfun
ctions.misc.code.tex)
(C:\Users\RL397SN\AppData\Local\Programs\MiKTeX\tex/generic/pgf/math\pgfmathfun
ctions.integerarithmetics.code.tex)
(C:\Users\RL397SN\AppData\Local\Programs\MiKTeX\tex/generic/pgf/math\pgfmathcal
c.code.tex)
(C:\Users\RL397SN\AppData\Local\Programs\MiKTeX\tex/generic/pgf/math\pgfmathflo
at.code.tex
\c@pgfmathroundto@lastzeros=\count326
))
(C:\Users\RL397SN\AppData\Local\Programs\MiKTeX\tex/generic/pgf/math\pgfint.cod
e.tex)
(C:\Users\RL397SN\AppData\Local\Programs\MiKTeX\tex/generic/pgf/basiclayer\pgfc
orepoints.code.tex
File: pgfcorepoints.code.tex 2025-08-29 v3.1.11a (3.1.11a)
\pgf@picminx=\dimen185
\pgf@picmaxx=\dimen186
\pgf@picminy=\dimen187
\pgf@picmaxy=\dimen188
\pgf@pathminx=\dimen189
\pgf@pathmaxx=\dimen190
\pgf@pathminy=\dimen191
\pgf@pathmaxy=\dimen192
\pgf@xx=\dimen193
\pgf@xy=\dimen194
\pgf@yx=\dimen195
\pgf@yy=\dimen196
\pgf@zx=\dimen197
\pgf@zy=\dimen198
)
(C:\Users\RL397SN\AppData\Local\Programs\MiKTeX\tex/generic/pgf/basiclayer\pgfc
orepathconstruct.code.tex
File: pgfcorepathconstruct.code.tex 2025-08-29 v3.1.11a (3.1.11a)
\pgf@path@lastx=\dimen199
\pgf@path@lasty=\dimen256
)
(C:\Users\RL397SN\AppData\Local\Programs\MiKTeX\tex/generic/pgf/basiclayer\pgfc
orepathusage.code.tex
File: pgfcorepathusage.code.tex 2025-08-29 v3.1.11a (3.1.11a)
\pgf@shorten@end@additional=\dimen257
\pgf@shorten@start@additional=\dimen258
)
(C:\Users\RL397SN\AppData\Local\Programs\MiKTeX\tex/generic/pgf/basiclayer\pgfc
orescopes.code.tex
File: pgfcorescopes.code.tex 2025-08-29 v3.1.11a (3.1.11a)
\pgfpic=\box60
\pgf@hbox=\box61
\pgf@layerbox@main=\box62
\pgf@picture@serial@count=\count327
)
(C:\Users\RL397SN\AppData\Local\Programs\MiKTeX\tex/generic/pgf/basiclayer\pgfc
oregraphicstate.code.tex
File: pgfcoregraphicstate.code.tex 2025-08-29 v3.1.11a (3.1.11a)
\pgflinewidth=\dimen259
)
(C:\Users\RL397SN\AppData\Local\Programs\MiKTeX\tex/generic/pgf/basiclayer\pgfc
oretransformations.code.tex
File: pgfcoretransformations.code.tex 2025-08-29 v3.1.11a (3.1.11a)
\pgf@pt@x=\dimen260
\pgf@pt@y=\dimen261
\pgf@pt@temp=\dimen262
)
(C:\Users\RL397SN\AppData\Local\Programs\MiKTeX\tex/generic/pgf/basiclayer\pgfc
orequick.code.tex
File: pgfcorequick.code.tex 2025-08-29 v3.1.11a (3.1.11a)
)
(C:\Users\RL397SN\AppData\Local\Programs\MiKTeX\tex/generic/pgf/basiclayer\pgfc
oreobjects.code.tex
File: pgfcoreobjects.code.tex 2025-08-29 v3.1.11a (3.1.11a)
)
(C:\Users\RL397SN\AppData\Local\Programs\MiKTeX\tex/generic/pgf/basiclayer\pgfc
orepathprocessing.code.tex
File: pgfcorepathprocessing.code.tex 2025-08-29 v3.1.11a (3.1.11a)
)
(C:\Users\RL397SN\AppData\Local\Programs\MiKTeX\tex/generic/pgf/basiclayer\pgfc
orearrows.code.tex
File: pgfcorearrows.code.tex 2025-08-29 v3.1.11a (3.1.11a)
\pgfarrowsep=\dimen263
)
(C:\Users\RL397SN\AppData\Local\Programs\MiKTeX\tex/generic/pgf/basiclayer\pgfc
oreshade.code.tex
File: pgfcoreshade.code.tex 2025-08-29 v3.1.11a (3.1.11a)
\pgf@max=\dimen264
\pgf@sys@shading@range@num=\count328
\pgf@shadingcount=\count329
)
(C:\Users\RL397SN\AppData\Local\Programs\MiKTeX\tex/generic/pgf/basiclayer\pgfc
oreimage.code.tex
File: pgfcoreimage.code.tex 2025-08-29 v3.1.11a (3.1.11a)
)
(C:\Users\RL397SN\AppData\Local\Programs\MiKTeX\tex/generic/pgf/basiclayer\pgfc
oreexternal.code.tex
File: pgfcoreexternal.code.tex 2025-08-29 v3.1.11a (3.1.11a)
\pgfexternal@startupbox=\box63
)
(C:\Users\RL397SN\AppData\Local\Programs\MiKTeX\tex/generic/pgf/basiclayer\pgfc
orelayers.code.tex
File: pgfcorelayers.code.tex 2025-08-29 v3.1.11a (3.1.11a)
)
(C:\Users\RL397SN\AppData\Local\Programs\MiKTeX\tex/generic/pgf/basiclayer\pgfc
oretransparency.code.tex
File: pgfcoretransparency.code.tex 2025-08-29 v3.1.11a (3.1.11a)
)
(C:\Users\RL397SN\AppData\Local\Programs\MiKTeX\tex/generic/pgf/basiclayer\pgfc
orepatterns.code.tex
File: pgfcorepatterns.code.tex 2025-08-29 v3.1.11a (3.1.11a)
)
(C:\Users\RL397SN\AppData\Local\Programs\MiKTeX\tex/generic/pgf/basiclayer\pgfc
orerdf.code.tex
File: pgfcorerdf.code.tex 2025-08-29 v3.1.11a (3.1.11a)
)))
(C:\Users\RL397SN\AppData\Local\Programs\MiKTeX\tex/generic/pgf/modules\pgfmodu
leshapes.code.tex
File: pgfmoduleshapes.code.tex 2025-08-29 v3.1.11a (3.1.11a)
\pgfnodeparttextbox=\box64
)
(C:\Users\RL397SN\AppData\Local\Programs\MiKTeX\tex/generic/pgf/modules\pgfmodu
leplot.code.tex
File: pgfmoduleplot.code.tex 2025-08-29 v3.1.11a (3.1.11a)
)
(C:\Users\RL397SN\AppData\Local\Programs\MiKTeX\tex/latex/pgf/compatibility\pgf
comp-version-0-65.sty
Package: pgfcomp-version-0-65 2025-08-29 v3.1.11a (3.1.11a)
\pgf@nodesepstart=\dimen265
\pgf@nodesepend=\dimen266
)
(C:\Users\RL397SN\AppData\Local\Programs\MiKTeX\tex/latex/pgf/compatibility\pgf
comp-version-1-18.sty
Package: pgfcomp-version-1-18 2025-08-29 v3.1.11a (3.1.11a)
))
(C:\Users\RL397SN\AppData\Local\Programs\MiKTeX\tex/latex/pgf/utilities\pgffor.
sty
(C:\Users\RL397SN\AppData\Local\Programs\MiKTeX\tex/latex/pgf/utilities\pgfkeys
.sty
(C:\Users\RL397SN\AppData\Local\Programs\MiKTeX\tex/generic/pgf/utilities\pgfke
ys.code.tex))
(C:\Users\RL397SN\AppData\Local\Programs\MiKTeX\tex/latex/pgf/math\pgfmath.sty
(C:\Users\RL397SN\AppData\Local\Programs\MiKTeX\tex/generic/pgf/math\pgfmath.co
de.tex))
(C:\Users\RL397SN\AppData\Local\Programs\MiKTeX\tex/generic/pgf/utilities\pgffo
r.code.tex
Package: pgffor 2025-08-29 v3.1.11a (3.1.11a)
\pgffor@iter=\dimen267
\pgffor@skip=\dimen268
\pgffor@stack=\toks38
\pgffor@toks=\toks39
))
(C:\Users\RL397SN\AppData\Local\Programs\MiKTeX\tex/generic/pgf/frontendlayer/t
ikz\tikz.code.tex
Package: tikz 2025-08-29 v3.1.11a (3.1.11a)

(C:\Users\RL397SN\AppData\Local\Programs\MiKTeX\tex/generic/pgf/libraries\pgfli
braryplothandlers.code.tex
File: pgflibraryplothandlers.code.tex 2025-08-29 v3.1.11a (3.1.11a)
\pgf@plot@mark@count=\count330
\pgfplotmarksize=\dimen269
)
\tikz@lastx=\dimen270
\tikz@lasty=\dimen271
\tikz@lastxsaved=\dimen272
\tikz@lastysaved=\dimen273
\tikz@lastmovetox=\dimen274
\tikz@lastmovetoy=\dimen275
\tikzleveldistance=\dimen276
\tikzsiblingdistance=\dimen277
\tikz@figbox=\box65
\tikz@figbox@bg=\box66
\tikz@tempbox=\box67
\tikz@tempbox@bg=\box68
\tikztreelevel=\count331
\tikznumberofchildren=\count332
\tikznumberofcurrentchild=\count333
\tikz@fig@count=\count334

(C:\Users\RL397SN\AppData\Local\Programs\MiKTeX\tex/generic/pgf/modules\pgfmodu
lematrix.code.tex
File: pgfmodulematrix.code.tex 2025-08-29 v3.1.11a (3.1.11a)
\pgfmatrixcurrentrow=\count335
\pgfmatrixcurrentcolumn=\count336
\pgf@matrix@numberofcolumns=\count337
)
\tikz@expandcount=\count338

(C:\Users\RL397SN\AppData\Local\Programs\MiKTeX\tex/generic/pgf/frontendlayer/t
ikz/libraries\tikzlibrarytopaths.code.tex
File: tikzlibrarytopaths.code.tex 2025-08-29 v3.1.11a (3.1.11a)
)))
(C:\Users\RL397SN\AppData\Local\Programs\MiKTeX\tex/generic/pgf/frontendlayer/t
ikz/libraries\tikzlibrarypositioning.code.tex
File: tikzlibrarypositioning.code.tex 2025-08-29 v3.1.11a (3.1.11a)
)
(C:\Users\RL397SN\AppData\Local\Programs\MiKTeX\tex/generic/pgf/libraries\pgfli
braryarrows.meta.code.tex
File: pgflibraryarrows.meta.code.tex 2025-08-29 v3.1.11a (3.1.11a)
\pgfarrowinset=\dimen278
\pgfarrowlength=\dimen279
\pgfarrowwidth=\dimen280
\pgfarrowlinewidth=\dimen281
)
(C:\Users\RL397SN\AppData\Local\Programs\MiKTeX\tex/generic/pgf/frontendlayer/t
ikz/libraries\tikzlibraryshapes.geometric.code.tex
File: tikzlibraryshapes.geometric.code.tex 2025-08-29 v3.1.11a (3.1.11a)

(C:\Users\RL397SN\AppData\Local\Programs\MiKTeX\tex/generic/pgf/libraries/shape
s\pgflibraryshapes.geometric.code.tex
File: pgflibraryshapes.geometric.code.tex 2025-08-29 v3.1.11a (3.1.11a)
))
(C:\Users\RL397SN\AppData\Local\Programs\MiKTeX\tex/generic/pgf/frontendlayer/t
ikz/libraries\tikzlibraryfit.code.tex
File: tikzlibraryfit.code.tex 2025-08-29 v3.1.11a (3.1.11a)
)
(C:\Users\RL397SN\AppData\Local\Programs\MiKTeX\tex/generic/pgf/frontendlayer/t
ikz/libraries\tikzlibrarybackgrounds.code.tex
File: tikzlibrarybackgrounds.code.tex 2025-08-29 v3.1.11a (3.1.11a)
\pgf@layerbox@background=\box69
\pgf@layerboxsaved@background=\box70
)
(C:\Users\RL397SN\AppData\Local\Programs\MiKTeX\tex/latex/pgfplots\pgfplots.sty

(C:\Users\RL397SN\AppData\Local\Programs\MiKTeX\tex/generic/pgfplots\pgfplots.r
evision.tex)
Package: pgfplots 2021/05/15 v1.18.1 Data Visualization (1.18.1)

(C:\Users\RL397SN\AppData\Local\Programs\MiKTeX\tex/generic/pgfplots\pgfplots.c
ode.tex
(C:\Users\RL397SN\AppData\Local\Programs\MiKTeX\tex/generic/pgfplots\pgfplotsco
re.code.tex
\t@pgfplots@toka=\toks40
\t@pgfplots@tokb=\toks41
\t@pgfplots@tokc=\toks42
\pgfplots@tmpa=\dimen282
\c@pgfplots@coordindex=\count339
\c@pgfplots@scanlineindex=\count340

(C:\Users\RL397SN\AppData\Local\Programs\MiKTeX\tex/generic/pgfplots/sys\pgfplo
tssysgeneric.code.tex))
(C:\Users\RL397SN\AppData\Local\Programs\MiKTeX\tex/generic/pgfplots/libs\pgfpl
otslibrary.code.tex)
(C:\Users\RL397SN\AppData\Local\Programs\MiKTeX\tex/generic/pgfplots/oldpgfcomp
atib\pgfplotsoldpgfsupp_loader.code.tex
(C:\Users\RL397SN\AppData\Local\Programs\MiKTeX\tex/generic/pgf/libraries\pgfli
braryfpu.code.tex)
Package pgfplots: loading complementary utilities for your pgf version...
\t@pgf@toka=\toks43
\t@pgf@tokb=\toks44
\t@pgf@tokc=\toks45

(C:\Users\RL397SN\AppData\Local\Programs\MiKTeX\tex/generic/pgfplots/oldpgfcomp
atib\pgfplotsoldpgfsupp_pgfutil-common-lists.tex))
(C:\Users\RL397SN\AppData\Local\Programs\MiKTeX\tex/generic/pgfplots/util\pgfpl
otsutil.code.tex
(C:\Users\RL397SN\AppData\Local\Programs\MiKTeX\tex/generic/pgfplots/liststruct
ure\pgfplotsliststructure.code.tex)
(C:\Users\RL397SN\AppData\Local\Programs\MiKTeX\tex/generic/pgfplots/liststruct
ure\pgfplotsliststructureext.code.tex)
(C:\Users\RL397SN\AppData\Local\Programs\MiKTeX\tex/generic/pgfplots/liststruct
ure\pgfplotsarray.code.tex
\c@pgfplotsarray@tmp=\count341
)
(C:\Users\RL397SN\AppData\Local\Programs\MiKTeX\tex/generic/pgfplots/liststruct
ure\pgfplotsmatrix.code.tex)
(C:\Users\RL397SN\AppData\Local\Programs\MiKTeX\tex/generic/pgfplots/numtable\p
gfplotstableshared.code.tex
\c@pgfplotstable@counta=\count342
\t@pgfplotstable@a=\toks46
)
(C:\Users\RL397SN\AppData\Local\Programs\MiKTeX\tex/generic/pgfplots/liststruct
ure\pgfplotsdeque.code.tex)
(C:\Users\RL397SN\AppData\Local\Programs\MiKTeX\tex/generic/pgfplots/util\pgfpl
otsbinary.code.tex
(C:\Users\RL397SN\AppData\Local\Programs\MiKTeX\tex/generic/pgfplots/util\pgfpl
otsbinary.data.code.tex))
(C:\Users\RL397SN\AppData\Local\Programs\MiKTeX\tex/generic/pgfplots/util\pgfpl
otsutil.verb.code.tex)
(C:\Users\RL397SN\AppData\Local\Programs\MiKTeX\tex/generic/pgfplots/libs\pgfli
brarypgfplots.surfshading.code.tex
\c@pgfplotslibrarysurf@no=\count343

(C:\Users\RL397SN\AppData\Local\Programs\MiKTeX\tex/generic/pgfplots/sys\pgflib
rarypgfplots.surfshading.pgfsys-xetex.def
(C:\Users\RL397SN\AppData\Local\Programs\MiKTeX\tex/generic/pgfplots/sys\pgflib
rarypgfplots.surfshading.pgfsys-dvipdfmx.def
\c@pgfplotslibrarysurf@streamlen=\count344
))))
(C:\Users\RL397SN\AppData\Local\Programs\MiKTeX\tex/generic/pgfplots/util\pgfpl
otscolormap.code.tex
(C:\Users\RL397SN\AppData\Local\Programs\MiKTeX\tex/generic/pgfplots/util\pgfpl
otscolor.code.tex))
(C:\Users\RL397SN\AppData\Local\Programs\MiKTeX\tex/generic/pgfplots\pgfplotsst
ackedplots.code.tex)
(C:\Users\RL397SN\AppData\Local\Programs\MiKTeX\tex/generic/pgfplots\pgfplotspl
othandlers.code.tex
(C:\Users\RL397SN\AppData\Local\Programs\MiKTeX\tex/generic/pgfplots\pgfplotsme
shplothandler.code.tex
(C:\Users\RL397SN\AppData\Local\Programs\MiKTeX\tex/generic/pgfplots\pgfplotsme
shplotimage.code.tex)))
(C:\Users\RL397SN\AppData\Local\Programs\MiKTeX\tex/generic/pgfplots\pgfplots.s
caling.code.tex)
(C:\Users\RL397SN\AppData\Local\Programs\MiKTeX\tex/generic/pgfplots\pgfplotsco
ordprocessing.code.tex)
(C:\Users\RL397SN\AppData\Local\Programs\MiKTeX\tex/generic/pgfplots\pgfplots.e
rrorbars.code.tex)
(C:\Users\RL397SN\AppData\Local\Programs\MiKTeX\tex/generic/pgfplots\pgfplots.m
arkers.code.tex)
(C:\Users\RL397SN\AppData\Local\Programs\MiKTeX\tex/generic/pgfplots\pgfplotsti
cks.code.tex)
(C:\Users\RL397SN\AppData\Local\Programs\MiKTeX\tex/generic/pgfplots\pgfplots.p
aths.code.tex)
(C:\Users\RL397SN\AppData\Local\Programs\MiKTeX\tex/generic/pgf/frontendlayer/t
ikz/libraries\tikzlibrarydecorations.code.tex
(C:\Users\RL397SN\AppData\Local\Programs\MiKTeX\tex/generic/pgf/modules\pgfmodu
ledecorations.code.tex
\pgfdecoratedcompleteddistance=\dimen283
\pgfdecoratedremainingdistance=\dimen284
\pgfdecoratedinputsegmentcompleteddistance=\dimen285
\pgfdecoratedinputsegmentremainingdistance=\dimen286
\pgf@decorate@distancetomove=\dimen287
\pgf@decorate@repeatstate=\count345
\pgfdecorationsegmentamplitude=\dimen288
\pgfdecorationsegmentlength=\dimen289
)
\tikz@lib@dec@box=\box71
)
(C:\Users\RL397SN\AppData\Local\Programs\MiKTeX\tex/generic/pgf/frontendlayer/t
ikz/libraries\tikzlibrarydecorations.pathmorphing.code.tex
(C:\Users\RL397SN\AppData\Local\Programs\MiKTeX\tex/generic/pgf/libraries/decor
ations\pgflibrarydecorations.pathmorphing.code.tex))
(C:\Users\RL397SN\AppData\Local\Programs\MiKTeX\tex/generic/pgf/frontendlayer/t
ikz/libraries\tikzlibrarydecorations.pathreplacing.code.tex
(C:\Users\RL397SN\AppData\Local\Programs\MiKTeX\tex/generic/pgf/libraries/decor
ations\pgflibrarydecorations.pathreplacing.code.tex))
(C:\Users\RL397SN\AppData\Local\Programs\MiKTeX\tex/generic/pgfplots/libs\tikzl
ibrarypgfplots.contourlua.code.tex)
\pgfplots@numplots=\count346
\pgfplots@xmin@reg=\dimen290
\pgfplots@xmax@reg=\dimen291
\pgfplots@ymin@reg=\dimen292
\pgfplots@ymax@reg=\dimen293
\pgfplots@zmin@reg=\dimen294
\pgfplots@zmax@reg=\dimen295
)
(C:\Users\RL397SN\AppData\Local\Programs\MiKTeX\tex/generic/pgf/frontendlayer/t
ikz/libraries\tikzlibraryplotmarks.code.tex
File: tikzlibraryplotmarks.code.tex 2025-08-29 v3.1.11a (3.1.11a)

(C:\Users\RL397SN\AppData\Local\Programs\MiKTeX\tex/generic/pgf/libraries\pgfli
braryplotmarks.code.tex
File: pgflibraryplotmarks.code.tex 2025-08-29 v3.1.11a (3.1.11a)
)))
(C:\Users\RL397SN\AppData\Local\Programs\MiKTeX\tex/generic/pgfplots/libs\tikzl
ibrarypgfplots.groupplots.code.tex
\pgfplots@group@current@plot=\count347
\pgfplots@group@current@row=\count348
\pgfplots@group@current@column=\count349

(C:\Users\RL397SN\AppData\Local\Programs\MiKTeX\tex/generic/pgf/frontendlayer/t
ikz/libraries\tikzlibrarycalc.code.tex
File: tikzlibrarycalc.code.tex 2025-08-29 v3.1.11a (3.1.11a)
))
(C:\Users\RL397SN\AppData\Local\Programs\MiKTeX\tex/latex/hyperref\hyperref.sty
Package: hyperref 2025-07-12 v7.01o Hypertext links for LaTeX

(C:\Users\RL397SN\AppData\Local\Programs\MiKTeX\tex/latex/kvsetkeys\kvsetkeys.s
ty
Package: kvsetkeys 2022-10-05 v1.19 Key value parser (HO)
)
(C:\Users\RL397SN\AppData\Local\Programs\MiKTeX\tex/generic/kvdefinekeys\kvdefi
nekeys.sty
Package: kvdefinekeys 2019-12-19 v1.6 Define keys (HO)
)
(C:\Users\RL397SN\AppData\Local\Programs\MiKTeX\tex/generic/pdfescape\pdfescape
.sty
Package: pdfescape 2019/12/09 v1.15 Implements pdfTeX's escape features (HO)

(C:\Users\RL397SN\AppData\Local\Programs\MiKTeX\tex/generic/ltxcmds\ltxcmds.sty
Package: ltxcmds 2023-12-04 v1.26 LaTeX kernel commands for general use (HO)
)
(C:\Users\RL397SN\AppData\Local\Programs\MiKTeX\tex/generic/pdftexcmds\pdftexcm
ds.sty
Package: pdftexcmds 2020-06-27 v0.33 Utility functions of pdfTeX for LuaTeX (HO
)

(C:\Users\RL397SN\AppData\Local\Programs\MiKTeX\tex/generic/infwarerr\infwarerr
.sty
Package: infwarerr 2019/12/03 v1.5 Providing info/warning/error messages (HO)
)
Package pdftexcmds Info: \pdf@primitive is available.
Package pdftexcmds Info: \pdf@ifprimitive is available.
Package pdftexcmds Info: \pdfdraftmode not found.
))
(C:\Users\RL397SN\AppData\Local\Programs\MiKTeX\tex/latex/hycolor\hycolor.sty
Package: hycolor 2020-01-27 v1.10 Color options for hyperref/bookmark (HO)
)
(C:\Users\RL397SN\AppData\Local\Programs\MiKTeX\tex/latex/hyperref\nameref.sty
Package: nameref 2025-06-21 v2.57 Cross-referencing by name of section

(C:\Users\RL397SN\AppData\Local\Programs\MiKTeX\tex/latex/refcount\refcount.sty
Package: refcount 2019/12/15 v3.6 Data extraction from label references (HO)
)
(C:\Users\RL397SN\AppData\Local\Programs\MiKTeX\tex/generic/gettitlestring\gett
itlestring.sty
Package: gettitlestring 2019/12/15 v1.6 Cleanup title references (HO)

(C:\Users\RL397SN\AppData\Local\Programs\MiKTeX\tex/latex/kvoptions\kvoptions.s
ty
Package: kvoptions 2022-06-15 v3.15 Key value format for package options (HO)
))
\c@section@level=\count350
)
(C:\Users\RL397SN\AppData\Local\Programs\MiKTeX\tex/generic/stringenc\stringenc
.sty
Package: stringenc 2019/11/29 v1.12 Convert strings between diff. encodings (HO
)
)
\@linkdim=\dimen296
\Hy@linkcounter=\count351
\Hy@pagecounter=\count352

(C:\Users\RL397SN\AppData\Local\Programs\MiKTeX\tex/latex/hyperref\pd1enc.def
File: pd1enc.def 2025-07-12 v7.01o Hyperref: PDFDocEncoding definition (HO)
)
(C:\Users\RL397SN\AppData\Local\Programs\MiKTeX\tex/generic/intcalc\intcalc.sty
Package: intcalc 2019/12/15 v1.3 Expandable calculations with integers (HO)
)
\Hy@SavedSpaceFactor=\count353
 (C:\Users\RL397SN\AppData\Local\Programs\MiKTeX\tex/latex/hyperref\puenc.def
File: puenc.def 2025-07-12 v7.01o Hyperref: PDF Unicode definition (HO)
)
Package hyperref Info: Hyper figures OFF on input line 4195.
Package hyperref Info: Link nesting OFF on input line 4200.
Package hyperref Info: Hyper index ON on input line 4203.
Package hyperref Info: Plain pages OFF on input line 4210.
Package hyperref Info: Backreferencing OFF on input line 4215.
Package hyperref Info: Implicit mode ON; LaTeX internals redefined.
Package hyperref Info: Bookmarks ON on input line 4462.
\c@Hy@tempcnt=\count354
(C:\Users\RL397SN\AppData\Local\Programs\MiKTeX\tex/latex/url\url.sty
\Urlmuskip=\muskip19
Package: url 2013/09/16  ver 3.4  Verb mode for urls, etc.
)
LaTeX Info: Redefining \url on input line 4801.
\XeTeXLinkMargin=\dimen297

(C:\Users\RL397SN\AppData\Local\Programs\MiKTeX\tex/generic/bitset\bitset.sty
Package: bitset 2019/12/09 v1.3 Handle bit-vector datatype (HO)

(C:\Users\RL397SN\AppData\Local\Programs\MiKTeX\tex/generic/bigintcalc\bigintca
lc.sty
Package: bigintcalc 2019/12/15 v1.5 Expandable calculations on big integers (HO
)
))
\Fld@menulength=\count355
\Field@Width=\dimen298
\Fld@charsize=\dimen299
Package hyperref Info: Hyper figures OFF on input line 6078.
Package hyperref Info: Link nesting OFF on input line 6083.
Package hyperref Info: Hyper index ON on input line 6086.
Package hyperref Info: backreferencing OFF on input line 6093.
Package hyperref Info: Link coloring OFF on input line 6098.
Package hyperref Info: Link coloring with OCG OFF on input line 6103.
Package hyperref Info: PDF/A mode OFF on input line 6108.
\Hy@abspage=\count356
\c@Item=\count357
\c@Hfootnote=\count358
)
Package hyperref Info: Driver (autodetected): hxetex.

(C:\Users\RL397SN\AppData\Local\Programs\MiKTeX\tex/latex/hyperref\hxetex.def
File: hxetex.def 2025-07-12 v7.01o Hyperref driver for XeTeX
\pdfm@box=\box72
\c@Hy@AnnotLevel=\count359
\HyField@AnnotCount=\count360
\Fld@listcount=\count361
\c@bookmark@seq@number=\count362

(C:\Users\RL397SN\AppData\Local\Programs\MiKTeX\tex/latex/rerunfilecheck\rerunf
ilecheck.sty
Package: rerunfilecheck 2025-06-21 v1.11 Rerun checks for auxiliary files (HO)

(C:\Users\RL397SN\AppData\Local\Programs\MiKTeX\tex/generic/uniquecounter\uniqu
ecounter.sty
Package: uniquecounter 2019/12/15 v1.4 Provide unlimited unique counter (HO)
)
Package uniquecounter Info: New unique counter `rerunfilecheck' on input line 2
84.
)
\Hy@SectionHShift=\skip55
)

Package fontspec Info: 
(fontspec)             Font family 'DejaVuSans.ttf(2)' created for font
(fontspec)             'DejaVuSans.ttf' with options [Ligatures=TeX,BoldFont =
(fontspec)             DejaVuSans-Bold.ttf,ItalicFont =
(fontspec)             DejaVuSans-Oblique.ttf,BoldItalicFont =
(fontspec)             DejaVuSans-BoldOblique.ttf,Mapping =
(fontspec)             tex-text,Script=Greek].
(fontspec)              
(fontspec)              This font family consists of the following NFSS
(fontspec)             series/shapes:
(fontspec)              
(fontspec)             - 'normal' (m/n) with NFSS spec.:
(fontspec)             <->"[DejaVuSans.ttf]/OT:script=grek;language=dflt;mappin
g=tex-text;"
(fontspec)             - 'bold' (b/n) with NFSS spec.:
(fontspec)             <->"[DejaVuSans-Bold.ttf]/OT:script=grek;language=dflt;m
apping=tex-text;"
(fontspec)             - 'italic' (m/it) with NFSS spec.:
(fontspec)             <->"[DejaVuSans-Oblique.ttf]/OT:script=grek;language=dfl
t;mapping=tex-text;"
(fontspec)             - 'bold italic' (b/it) with NFSS spec.:
(fontspec)             <->"[DejaVuSans-BoldOblique.ttf]/OT:script=grek;language
=dflt;mapping=tex-text;"

 (Diplomatiki.aux)
\openout1 = `Diplomatiki.aux'.

LaTeX Font Info:    Checking defaults for OML/cmm/m/it on input line 101.
LaTeX Font Info:    ... okay on input line 101.
LaTeX Font Info:    Checking defaults for OMS/cmsy/m/n on input line 101.
LaTeX Font Info:    ... okay on input line 101.
LaTeX Font Info:    Checking defaults for OT1/cmr/m/n on input line 101.
LaTeX Font Info:    ... okay on input line 101.
LaTeX Font Info:    Checking defaults for T1/cmr/m/n on input line 101.
LaTeX Font Info:    ... okay on input line 101.
LaTeX Font Info:    Checking defaults for TS1/cmr/m/n on input line 101.
LaTeX Font Info:    ... okay on input line 101.
LaTeX Font Info:    Checking defaults for TU/lmr/m/n on input line 101.
LaTeX Font Info:    ... okay on input line 101.
LaTeX Font Info:    Checking defaults for OMX/cmex/m/n on input line 101.
LaTeX Font Info:    ... okay on input line 101.
LaTeX Font Info:    Checking defaults for U/cmr/m/n on input line 101.
LaTeX Font Info:    ... okay on input line 101.
LaTeX Font Info:    Checking defaults for PD1/pdf/m/n on input line 101.
LaTeX Font Info:    ... okay on input line 101.
LaTeX Font Info:    Checking defaults for PU/pdf/m/n on input line 101.
LaTeX Font Info:    ... okay on input line 101.

*geometry* driver: auto-detecting
*geometry* detected driver: xetex
*geometry* verbose mode - [ preamble ] result:
* driver: xetex
* paper: a4paper
* layout: <same size as paper>
* layoutoffset:(h,v)=(0.0pt,0.0pt)
* modes: 
* h-part:(L,W,R)=(71.13188pt, 455.24411pt, 71.13188pt)
* v-part:(T,H,B)=(71.13188pt, 702.78308pt, 71.13188pt)
* \paperwidth=597.50787pt
* \paperheight=845.04684pt
* \textwidth=455.24411pt
* \textheight=702.78308pt
* \oddsidemargin=-1.1381pt
* \evensidemargin=-1.1381pt
* \topmargin=-38.1381pt
* \headheight=12.0pt
* \headsep=25.0pt
* \topskip=12.0pt
* \footskip=30.0pt
* \marginparwidth=44.0pt
* \marginparsep=10.0pt
* \columnsep=10.0pt
* \skip\footins=10.8pt plus 4.0pt minus 2.0pt
* \hoffset=0.0pt
* \voffset=0.0pt
* \mag=1000
* \@twocolumnfalse
* \@twosidefalse
* \@mparswitchfalse
* \@reversemarginfalse
* (1in=72.27pt=25.4mm, 1cm=28.453pt)

LaTeX Font Info:    Overwriting math alphabet `\mathrm' in version `normal'
(Font)                  TU/latinmodern-math.otf(1)/m/n --> TU/DejaVuSans.ttf(0)
/m/n on input line 101.
LaTeX Font Info:    Overwriting math alphabet `\mathit' in version `normal'
(Font)                  OT1/cmr/m/it --> TU/DejaVuSans.ttf(0)/m/it on input lin
e 101.
LaTeX Font Info:    Overwriting math alphabet `\mathbf' in version `normal'
(Font)                  OT1/cmr/bx/n --> TU/DejaVuSans.ttf(0)/b/n on input line
 101.
LaTeX Font Info:    Overwriting math alphabet `\mathsf' in version `normal'
(Font)                  OT1/cmss/m/n --> TU/DejaVuSans.ttf(0)/m/n on input line
 101.
LaTeX Font Info:    Overwriting math alphabet `\mathsf' in version `bold'
(Font)                  OT1/cmss/bx/n --> TU/DejaVuSans.ttf(0)/b/n on input lin
e 101.
LaTeX Font Info:    Overwriting math alphabet `\mathtt' in version `normal'
(Font)                  OT1/cmtt/m/n --> TU/DejaVuSansMono.ttf(0)/m/n on input 
line 101.
LaTeX Font Info:    Overwriting math alphabet `\mathtt' in version `bold'
(Font)                  OT1/cmtt/m/n --> TU/DejaVuSansMono.ttf(0)/b/n on input 
line 101.
LaTeX Info: Redefining \microtypecontext on input line 101.
Package microtype Info: Applying patch `item' on input line 101.
Package microtype Info: Applying patch `toc' on input line 101.
Package microtype Info: Applying patch `eqnum' on input line 101.
Package microtype Info: Applying patch `footnote' on input line 101.
Package microtype Info: Applying patch `verbatim' on input line 101.
LaTeX Info: Redefining \microtypesetup on input line 101.
Package microtype Info: Character protrusion enabled (level 2).
Package microtype Info: Using default protrusion set `alltext'.
Package microtype Info: No adjustment of tracking.
Package microtype Info: No adjustment of spacing.
Package microtype Info: No adjustment of kerning.
Package microtype Info: Loading generic protrusion settings for font family
(microtype)             `DejaVuSans.ttf' (encoding: TU).
(microtype)             For optimal results, create family-specific settings.
(microtype)             See the microtype manual for details.
Package pgfplots notification 'compat/show suggested version=true': document ha
s been generated with the most recent feature set (\pgfplotsset{compat=1.18}).

Package hyperref Info: Link coloring OFF on input line 101.
(Diplomatiki.out) (Diplomatiki.out)
\@outlinefile=\write4
\openout4 = `Diplomatiki.out'.

File: pyrforos.pdf Graphic file (type pdf)
<use pyrforos.pdf>
Package microtype Info: Loading generic protrusion settings for font family
(microtype)             `latinmodern-math.otf' (encoding: TU).
(microtype)             For optimal results, create family-specific settings.
(microtype)             See the microtype manual for details.
LaTeX Font Info:    Font shape `TU/latinmodern-math.otf(2)/m/n' will be
(Font)              scaled to size 12.00128pt on input line 138.
LaTeX Font Info:    Font shape `TU/latinmodern-math.otf(2)/m/n' will be
(Font)              scaled to size 8.40088pt on input line 138.
LaTeX Font Info:    Font shape `TU/latinmodern-math.otf(2)/m/n' will be
(Font)              scaled to size 6.00064pt on input line 138.
LaTeX Font Info:    Font shape `TU/latinmodern-math.otf(3)/m/n' will be
(Font)              scaled to size 11.99872pt on input line 138.
LaTeX Font Info:    Font shape `TU/latinmodern-math.otf(3)/m/n' will be
(Font)              scaled to size 8.3991pt on input line 138.
LaTeX Font Info:    Font shape `TU/latinmodern-math.otf(3)/m/n' will be
(Font)              scaled to size 5.99936pt on input line 138.
LaTeX Font Info:    Font shape `TU/DejaVuSans.ttf(1)/m/n' will be
(Font)              scaled to size 8.4pt on input line 138.
LaTeX Font Info:    Font shape `TU/DejaVuSans.ttf(1)/m/n' will be
(Font)              scaled to size 6.0pt on input line 138.
Package microtype Info: Loading generic protrusion settings for font family
(microtype)             `DejaVuSans-Oblique.ttf' (encoding: TU).
(microtype)             For optimal results, create family-specific settings.
(microtype)             See the microtype manual for details.
LaTeX Font Info:    Font shape `TU/DejaVuSans-Oblique.ttf(0)/m/n' will be
(Font)              scaled to size 8.4pt on input line 138.
LaTeX Font Info:    Font shape `TU/DejaVuSans-Oblique.ttf(0)/m/n' will be
(Font)              scaled to size 6.0pt on input line 138.

Underfull \hbox (badness 10000) in paragraph at lines 112--141

 []

[1

] [2]
File: pyrforos.pdf Graphic file (type pdf)
<use pyrforos.pdf>
 [3] [4]
LaTeX Font Info:    Font shape `TU/latinmodern-math.otf(2)/m/n' will be
(Font)              scaled to size 10.95116pt on input line 237.
LaTeX Font Info:    Font shape `TU/latinmodern-math.otf(2)/m/n' will be
(Font)              scaled to size 8.00085pt on input line 237.
LaTeX Font Info:    Font shape `TU/latinmodern-math.otf(3)/m/n' will be
(Font)              scaled to size 10.94882pt on input line 237.
LaTeX Font Info:    Font shape `TU/latinmodern-math.otf(3)/m/n' will be
(Font)              scaled to size 7.99915pt on input line 237.
LaTeX Font Info:    Font shape `TU/DejaVuSans.ttf(1)/m/n' will be
(Font)              scaled to size 10.95pt on input line 237.
LaTeX Font Info:    Font shape `TU/DejaVuSans.ttf(1)/m/n' will be
(Font)              scaled to size 8.0pt on input line 237.
LaTeX Font Info:    Font shape `TU/DejaVuSans-Oblique.ttf(0)/m/n' will be
(Font)              scaled to size 10.95pt on input line 237.
LaTeX Font Info:    Font shape `TU/DejaVuSans-Oblique.ttf(0)/m/n' will be
(Font)              scaled to size 8.0pt on input line 237.
LaTeX Font Info:    Font shape `TU/DejaVuSansMono.ttf(0)/m/n' will be
(Font)              scaled to size 10.95pt on input line 239.
Package microtype Info: Loading generic protrusion settings for font family
(microtype)             `DejaVuSansMono.ttf' (encoding: TU).
(microtype)             For optimal results, create family-specific settings.
(microtype)             See the microtype manual for details.

Package fontspec Info: 
(fontspec)             DejaVuSansMono scale = 0.9999974518982085.


Package fontspec Info: 
(fontspec)             DejaVuSansMono scale = 0.9999974518982085.

LaTeX Font Info:    Font shape `TU/DejaVuSansMono.ttf(0)/m/n' will be
(Font)              scaled to size 12.0pt on input line 239.

Package fontspec Info: 
(fontspec)             DejaVuSansMono-Bold scale = 0.9999974518982085.


Package fontspec Info: 
(fontspec)             DejaVuSansMono-Oblique scale = 0.9999974518982085.


Package fontspec Info: 
(fontspec)             DejaVuSansMono-BoldOblique scale = 0.9999974518982085.


Package fontspec Info: 
(fontspec)             Font family 'DejaVuSansMono.ttf(1)' created for font
(fontspec)             'DejaVuSansMono.ttf' with options
(fontspec)             [WordSpace={1,0,0},HyphenChar=None,PunctuationSpace=Word
Space,BoldFont
(fontspec)             = DejaVuSansMono-Bold.ttf,ItalicFont =
(fontspec)             DejaVuSansMono-Oblique.ttf,BoldItalicFont =
(fontspec)             DejaVuSansMono-BoldOblique.ttf,Scale =
(fontspec)             MatchLowercase,Script=Greek].
(fontspec)              
(fontspec)              This font family consists of the following NFSS
(fontspec)             series/shapes:
(fontspec)              
(fontspec)             - 'normal' (m/n) with NFSS spec.:
(fontspec)             <->s*[0.9999974518982085]"[DejaVuSansMono.ttf]/OT:script
=grek;language=dflt;"
(fontspec)             - 'bold' (b/n) with NFSS spec.:
(fontspec)             <->s*[0.9999974518982085]"[DejaVuSansMono-Bold.ttf]/OT:s
cript=grek;language=dflt;"
(fontspec)             - 'italic' (m/it) with NFSS spec.:
(fontspec)             <->s*[0.9999974518982085]"[DejaVuSansMono-Oblique.ttf]/O
T:script=grek;language=dflt;"
(fontspec)             - 'bold italic' (b/it) with NFSS spec.:
(fontspec)             <->s*[0.9999974518982085]"[DejaVuSansMono-BoldOblique.tt
f]/OT:script=grek;language=dflt;"

LaTeX Font Info:    Font shape `TU/DejaVuSansMono.ttf(1)/m/n' will be
(Font)              scaled to size 10.95pt on input line 239.

Package fontspec Info: 
(fontspec)             DejaVuSansMono scale = 0.9999974518982085.


Package fontspec Info: 
(fontspec)             DejaVuSansMono scale = 0.9999974518982085.


Package fontspec Info: 
(fontspec)             DejaVuSansMono scale = 0.9999974518982085.


Package fontspec Info: 
(fontspec)             DejaVuSansMono scale = 0.9999974518982085.


Package fontspec Info: 
(fontspec)             DejaVuSansMono scale = 0.9999974518982085.


Package fontspec Info: 
(fontspec)             DejaVuSansMono scale = 0.9999974518982085.


Package fontspec Info: 
(fontspec)             DejaVuSansMono scale = 0.9999974518982085.


Package fontspec Info: 
(fontspec)             DejaVuSansMono scale = 0.9999974518982085.


Package fontspec Info: 
(fontspec)             DejaVuSansMono scale = 0.9999974518982085.


Package fontspec Info: 
(fontspec)             DejaVuSansMono scale = 0.9999974518982085.


Package fontspec Info: 
(fontspec)             DejaVuSansMono scale = 0.9999974518982085.


Package fontspec Info: 
(fontspec)             DejaVuSansMono scale = 0.9999974518982085.


Package fontspec Info: 
(fontspec)             DejaVuSansMono scale = 0.9999974518982085.


Underfull \hbox (badness 4518) in paragraph at lines 250--251
[]\TU/DejaVuSans.ttf(2)/m/n/10.95 Προσομοίωση Monte Carlo, Τιμολόγηση δικαιωμάτ
ων προαίρεσης, Black-
 []


Underfull \hbox (badness 1917) in paragraph at lines 250--251
\TU/DejaVuSans.ttf(2)/m/n/10.95 ρική προσομοίωση, Bootstrap, Filtered Historica
l Simulation, Πολυκλασματικά
 []

[5]

Package fontspec Info: 
(fontspec)             DejaVuSansMono scale = 0.9999974518982085.


Package fontspec Info: 
(fontspec)             DejaVuSansMono scale = 0.9999974518982085.


Package fontspec Info: 
(fontspec)             DejaVuSansMono scale = 0.9999974518982085.


Package fontspec Info: 
(fontspec)             DejaVuSansMono scale = 0.9999974518982085.


Package fontspec Info: 
(fontspec)             DejaVuSansMono scale = 0.9999974518982085.


Package fontspec Info: 
(fontspec)             DejaVuSansMono scale = 0.9999974518982085.


Package fontspec Info: 
(fontspec)             DejaVuSansMono scale = 0.9999974518982085.


Package fontspec Info: 
(fontspec)             DejaVuSansMono scale = 0.9999974518982085.


Package fontspec Info: 
(fontspec)             DejaVuSansMono scale = 0.9999974518982085.


Package fontspec Info: 
(fontspec)             DejaVuSansMono scale = 0.9999974518982085.


Package fontspec Info: 
(fontspec)             DejaVuSansMono scale = 0.9999974518982085.


Package fontspec Info: 
(fontspec)             DejaVuSansMono scale = 0.9999974518982085.


Underfull \hbox (badness 10000) in paragraph at lines 263--264
[]\TU/DejaVuSans.ttf(2)/m/n/10.95 The methodology unfolds on two levels. At the
 algorithmic level,
 []


Underfull \hbox (badness 10000) in paragraph at lines 263--264
\TU/DejaVuSans.ttf(2)/m/n/10.95 a unified, fully vectorised catalogue of eleven
 simulators (\TU/DejaVuSansMono.ttf(1)/m/n/10.95 historical\TU/DejaVuSans.ttf(2
)/m/n/10.95 ,
 []


Underfull \hbox (badness 1953) in paragraph at lines 263--264
\TU/DejaVuSansMono.ttf(1)/m/n/10.95 window\TU/DejaVuSans.ttf(2)/m/n/10.95 , \TU
/DejaVuSansMono.ttf(1)/m/n/10.95 window_10d\TU/DejaVuSans.ttf(2)/m/n/10.95 , \T
U/DejaVuSansMono.ttf(1)/m/n/10.95 window_20d\TU/DejaVuSans.ttf(2)/m/n/10.95 , \
TU/DejaVuSansMono.ttf(1)/m/n/10.95 student_t\TU/DejaVuSans.ttf(2)/m/n/10.95 , \
TU/DejaVuSansMono.ttf(1)/m/n/10.95 black_scholes\TU/DejaVuSans.ttf(2)/m/n/10.95
 , \TU/DejaVuSansMono.ttf(1)/m/n/10.95 multifractal\TU/DejaVuSans.ttf(2)/m/n/10
.95 ,
 []


Underfull \hbox (badness 10000) in paragraph at lines 263--264
\TU/DejaVuSansMono.ttf(1)/m/n/10.95 multifractal_empirical\TU/DejaVuSans.ttf(2)
/m/n/10.95 , \TU/DejaVuSansMono.ttf(1)/m/n/10.95 block_bootstrap\TU/DejaVuSans.
ttf(2)/m/n/10.95 , \TU/DejaVuSansMono.ttf(1)/m/n/10.95 fhs\TU/DejaVuSans.ttf(2)
/m/n/10.95 , \TU/DejaVuSansMono.ttf(1)/m/n/10.95 fhs_rn\TU/DejaVuSans.ttf(2)/m/
n/10.95 , \TU/DejaVuSansMono.ttf(1)/m/n/10.95 analogue\TU/DejaVuSans.ttf(2)/m/n
/10.95 ) was
 []


Underfull \hbox (badness 5490) in paragraph at lines 263--264
\TU/DejaVuSans.ttf(2)/m/n/10.95 historical windows, the Politis-Romano stationa
ry bootstrap, GARCH-filtered
 []


Underfull \hbox (badness 10000) in paragraph at lines 263--264
\TU/DejaVuSans.ttf(2)/m/n/10.95 residuals, the Mandelbrot-Fisher-Calvet multifr
actal model, and $[]$-nearest-
 []


Package fontspec Info: 
(fontspec)             DejaVuSansMono scale = 0.9999974518982085.


Package fontspec Info: 
(fontspec)             DejaVuSansMono scale = 0.9999974518982085.


Underfull \hbox (badness 6725) in paragraph at lines 274--275
\TU/DejaVuSans.ttf(2)/m/n/10.95 Databricks, Parallel Programming, Historical Si
mulation, Bootstrap, Filtered
 []

[6] [7] (Diplomatiki.toc [8]

Package fontspec Info: 
(fontspec)             DejaVuSansMono scale = 0.9999974518982085.


Package fontspec Info: 
(fontspec)             DejaVuSansMono scale = 0.9999974518982085.


Package fontspec Info: 
(fontspec)             DejaVuSansMono scale = 0.9999974518982085.


Package fontspec Info: 
(fontspec)             DejaVuSansMono scale = 0.9999974518982085.

 [9])
\tf@toc=\write5
\openout5 = `Diplomatiki.toc'.

 [10] (Diplomatiki.lof

Package fontspec Info: 
(fontspec)             DejaVuSansMono scale = 0.9999974518982085.


Package fontspec Info: 
(fontspec)             DejaVuSansMono scale = 0.9999974518982085.


Package fontspec Info: 
(fontspec)             DejaVuSansMono scale = 0.9999974518982085.


Package fontspec Info: 
(fontspec)             DejaVuSansMono scale = 0.9999974518982085.


Package fontspec Info: 
(fontspec)             DejaVuSansMono scale = 0.9999974518982085.


Package fontspec Info: 
(fontspec)             DejaVuSansMono scale = 0.9999974518982085.


Package fontspec Info: 
(fontspec)             DejaVuSansMono scale = 0.9999974518982085.


Package fontspec Info: 
(fontspec)             DejaVuSansMono scale = 0.9999974518982085.


Package fontspec Info: 
(fontspec)             DejaVuSansMono scale = 0.9999974518982085.

)
\tf@lof=\write6
\openout6 = `Diplomatiki.lof'.

 [11] (Diplomatiki.lot

Package fontspec Info: 
(fontspec)             DejaVuSansMono scale = 0.9999974518982085.

)
\tf@lot=\write7
\openout7 = `Diplomatiki.lot'.

[12] [13]

Package fontspec Info: 
(fontspec)             DejaVuSansMono scale = 0.9999974518982085.


Package fontspec Info: 
(fontspec)             DejaVuSansMono scale = 0.9999974518982085.


Package fontspec Info: 
(fontspec)             DejaVuSansMono scale = 0.9999974518982085.


Package fontspec Info: 
(fontspec)             DejaVuSansMono scale = 0.9999974518982085.


Package fontspec Info: 
(fontspec)             DejaVuSansMono scale = 0.9999974518982085.


Package fontspec Info: 
(fontspec)             DejaVuSansMono scale = 0.9999974518982085.


Package fontspec Info: 
(fontspec)             DejaVuSansMono scale = 0.9999974518982085.


Package fontspec Info: 
(fontspec)             DejaVuSansMono scale = 0.9999974518982085.


Package fontspec Info: 
(fontspec)             DejaVuSansMono scale = 0.9999974518982085.


Package fontspec Info: 
(fontspec)             DejaVuSansMono scale = 0.9999974518982085.


Package fontspec Info: 
(fontspec)             DejaVuSansMono scale = 0.9999974518982085.


Package fontspec Info: 
(fontspec)             DejaVuSansMono scale = 0.9999974518982085.


Package fontspec Info: 
(fontspec)             DejaVuSansMono scale = 0.9999974518982085.


Underfull \hbox (badness 10000) in paragraph at lines 320--321
[]\TU/DejaVuSans.ttf(2)/b/n/10.95 Υλοποίηση και τεκμηρίωση εναλλακτικών μεθόδων
 προσομοί-
 []


Underfull \hbox (badness 5787) in paragraph at lines 320--321
\TU/DejaVuSans.ttf(2)/b/n/10.95 ωσης. \TU/DejaVuSans.ttf(2)/m/n/10.95 Ανάπτυξη 
ενός ενιαίου, πλήρως διανυσματοποιημένου καταλό-
 []


Underfull \hbox (badness 2865) in paragraph at lines 320--321
\TU/DejaVuSans.ttf(2)/m/n/10.95 γου $[][]$ προσομοιωτών Monte Carlo σε \TU/Deja
VuSansMono.ttf(1)/m/n/10.95 NumPy \TU/DejaVuSans.ttf(2)/m/n/10.95 — \TU/DejaVuS
ansMono.ttf(1)/m/n/10.95 historical\TU/DejaVuSans.ttf(2)/m/n/10.95 , \TU/DejaVu
SansMono.ttf(1)/m/n/10.95 window\TU/DejaVuSans.ttf(2)/m/n/10.95 ,
 []


Underfull \hbox (badness 10000) in paragraph at lines 320--321
\TU/DejaVuSansMono.ttf(1)/m/n/10.95 window_10d\TU/DejaVuSans.ttf(2)/m/n/10.95 ,
 \TU/DejaVuSansMono.ttf(1)/m/n/10.95 window_20d\TU/DejaVuSans.ttf(2)/m/n/10.95 
, \TU/DejaVuSansMono.ttf(1)/m/n/10.95 student_t\TU/DejaVuSans.ttf(2)/m/n/10.95 
, \TU/DejaVuSansMono.ttf(1)/m/n/10.95 black_scholes\TU/DejaVuSans.ttf(2)/m/n/10
.95 , \TU/DejaVuSansMono.ttf(1)/m/n/10.95 multifractal\TU/DejaVuSans.ttf(2)/m/n
/10.95 ,
 []


Underfull \hbox (badness 3536) in paragraph at lines 320--321
\TU/DejaVuSansMono.ttf(1)/m/n/10.95 multifractal_empirical\TU/DejaVuSans.ttf(2)
/m/n/10.95 , \TU/DejaVuSansMono.ttf(1)/m/n/10.95 block_bootstrap\TU/DejaVuSans.
ttf(2)/m/n/10.95 , \TU/DejaVuSansMono.ttf(1)/m/n/10.95 fhs\TU/DejaVuSans.ttf(2)
/m/n/10.95 , \TU/DejaVuSansMono.ttf(1)/m/n/10.95 fhs_rn\TU/DejaVuSans.ttf(2)/m/
n/10.95 , \TU/DejaVuSansMono.ttf(1)/m/n/10.95 analogue \TU/DejaVuSans.ttf(2)/m/
n/10.95 —
 []


Package fontspec Info: 
(fontspec)             DejaVuSansMono scale = 0.9999974518982085.


Underfull \hbox (badness 1168) in paragraph at lines 322--323
[]\TU/DejaVuSans.ttf(2)/b/n/10.95 Σχεδίαση εφαρμογής υποβολής και παρουσίασης α
ποτελεσμάτων.
 []


Package fontspec Info: 
(fontspec)             DejaVuSansMono scale = 0.9999974518982085.


Package fontspec Info: 
(fontspec)             DejaVuSansMono scale = 0.9999974518982085.


Package fontspec Info: 
(fontspec)             DejaVuSansMono scale = 0.9999974518982085.


Package fontspec Info: 
(fontspec)             DejaVuSansMono scale = 0.9999974518982085.

[14] [15] [16] [17]
LaTeX Font Info:    Font shape `TU/latinmodern-math.otf(2)/m/n' will be
(Font)              scaled to size 10.00107pt on input line 471.
LaTeX Font Info:    Font shape `TU/latinmodern-math.otf(2)/m/n' will be
(Font)              scaled to size 7.00075pt on input line 471.
LaTeX Font Info:    Font shape `TU/latinmodern-math.otf(2)/m/n' will be
(Font)              scaled to size 5.00053pt on input line 471.
LaTeX Font Info:    Font shape `TU/latinmodern-math.otf(3)/m/n' will be
(Font)              scaled to size 9.99893pt on input line 471.
LaTeX Font Info:    Font shape `TU/latinmodern-math.otf(3)/m/n' will be
(Font)              scaled to size 6.99925pt on input line 471.
LaTeX Font Info:    Font shape `TU/latinmodern-math.otf(3)/m/n' will be
(Font)              scaled to size 4.99947pt on input line 471.
LaTeX Font Info:    Font shape `TU/DejaVuSans.ttf(1)/m/n' will be
(Font)              scaled to size 10.0pt on input line 471.
LaTeX Font Info:    Font shape `TU/DejaVuSans.ttf(1)/m/n' will be
(Font)              scaled to size 7.0pt on input line 471.
LaTeX Font Info:    Font shape `TU/DejaVuSans.ttf(1)/m/n' will be
(Font)              scaled to size 5.0pt on input line 471.
LaTeX Font Info:    Font shape `TU/DejaVuSans-Oblique.ttf(0)/m/n' will be
(Font)              scaled to size 10.0pt on input line 471.
LaTeX Font Info:    Font shape `TU/DejaVuSans-Oblique.ttf(0)/m/n' will be
(Font)              scaled to size 7.0pt on input line 471.
LaTeX Font Info:    Font shape `TU/DejaVuSans-Oblique.ttf(0)/m/n' will be
(Font)              scaled to size 5.0pt on input line 471.
 [18] [19] [20] [21] [22] [23] [24] [25] [26] [27] [28]

Package fontspec Info: 
(fontspec)             DejaVuSansMono scale = 0.9999974518982085.


Package fontspec Info: 
(fontspec)             DejaVuSansMono scale = 0.9999974518982085.


Package fontspec Info: 
(fontspec)             DejaVuSansMono scale = 0.9999974518982085.


[29] [30]

Package fontspec Info: 
(fontspec)             DejaVuSansMono scale = 0.9999974518982085.


Package fontspec Info: 
(fontspec)             DejaVuSansMono scale = 0.9999974518982085.


Package fontspec Info: 
(fontspec)             DejaVuSansMono scale = 0.9999974518982085.


Package fontspec Info: 
(fontspec)             DejaVuSansMono scale = 0.9999974518982085.

 [31]
Underfull \hbox (badness 2799) in paragraph at lines 1017--1018
[]\TU/DejaVuSans.ttf(2)/m/n/10.95 Χαρακτηριστικά παραδείγματα είναι η \TU/DejaV
uSans.ttf(2)/m/it/10.95 αποστροφή ζημίας \TU/DejaVuSans.ttf(2)/m/n/10.95 (loss 
aversion,
 []


Package fontspec Info: 
(fontspec)             DejaVuSansMono scale = 0.9999974518982085.


Package fontspec Info: 
(fontspec)             DejaVuSansMono scale = 0.9999974518982085.


Package fontspec Info: 
(fontspec)             DejaVuSansMono scale = 0.9999974518982085.


Package fontspec Info: 
(fontspec)             DejaVuSansMono scale = 0.9999974518982085.


Package fontspec Info: 
(fontspec)             DejaVuSansMono scale = 0.9999974518982085.

[32]

Package fontspec Info: 
(fontspec)             DejaVuSansMono scale = 0.9999974518982085.


Package fontspec Info: 
(fontspec)             DejaVuSansMono scale = 0.9999974518982085.


Package fontspec Info: 
(fontspec)             DejaVuSansMono scale = 0.9999974518982085.


Package fontspec Info: 
(fontspec)             DejaVuSansMono scale = 0.9999974518982085.

 [33]
Underfull \hbox (badness 1960) in paragraph at lines 1042--1043
[]\TU/DejaVuSans.ttf(2)/m/n/10.95 Η ευρεία αποδοχή του μοντέλου των Black και S
choles (1973) και του
 []

[34] [35]

Package fontspec Info: 
(fontspec)             DejaVuSansMono scale = 0.9999974518982085.

 [36]

Package fontspec Info: 
(fontspec)             DejaVuSansMono scale = 0.9999974518982085.


Underfull \hbox (badness 5817) in paragraph at lines 1090--1090
[]\TU/DejaVuSans.ttf(2)/m/n/10.95 Πηγή κατα-
 []


Underfull \hbox (badness 5175) in paragraph at lines 1090--1091
[]\TU/DejaVuSans.ttf(2)/m/n/10.95 Παράμετρος συντο-
 []


Package fontspec Info: 
(fontspec)             DejaVuSansMono scale = 0.9999974518982085.


Package fontspec Info: 
(fontspec)             DejaVuSansMono scale = 0.9999974518982085.


Underfull \hbox (badness 10000) in paragraph at lines 1093--1093
[]\TU/DejaVuSans.ttf(2)/m/n/10.95 συνεχόμενο
 []


Package fontspec Info: 
(fontspec)             DejaVuSansMono scale = 0.9999974518982085.


Package fontspec Info: 
(fontspec)             DejaVuSansMono scale = 0.9999974518982085.


Underfull \hbox (badness 10000) in paragraph at lines 1094--1094
[]\TU/DejaVuSansMono.ttf(1)/m/n/10.95 window_10d\TU/DejaVuSans.ttf(2)/m/n/10.95
 ,
 []


Underfull \hbox (badness 10000) in paragraph at lines 1094--1094
[]\TU/DejaVuSans.ttf(2)/m/n/10.95 συνεχόμενο
 []


Package fontspec Info: 
(fontspec)             DejaVuSansMono scale = 0.9999974518982085.


Package fontspec Info: 
(fontspec)             DejaVuSansMono scale = 0.9999974518982085.


Package fontspec Info: 
(fontspec)             DejaVuSansMono scale = 0.9999974518982085.


Overfull \hbox (3.22005pt too wide) in paragraph at lines 1096--1096
[]\TU/DejaVuSans.ttf(2)/m/n/10.95 παραμετρική| 
 []


Package fontspec Info: 
(fontspec)             DejaVuSansMono scale = 0.9999974518982085.


Overfull \hbox (3.22005pt too wide) in paragraph at lines 1097--1097
[]\TU/DejaVuSans.ttf(2)/m/n/10.95 παραμετρική| 
 []


Package fontspec Info: 
(fontspec)             DejaVuSansMono scale = 0.9999974518982085.


Overfull \hbox (3.22005pt too wide) in paragraph at lines 1098--1098
[]\TU/DejaVuSans.ttf(2)/m/n/10.95 παραμετρική| 
 []


Package fontspec Info: 
(fontspec)             DejaVuSansMono scale = 0.9999974518982085.


Overfull \hbox (31.22298pt too wide) in paragraph at lines 1099--1099
[]\TU/DejaVuSansMono.ttf(1)/m/n/10.95 multifractal_empirical| 
 []


Package fontspec Info: 
(fontspec)             DejaVuSansMono scale = 0.9999974518982085.


Package fontspec Info: 
(fontspec)             DejaVuSansMono scale = 0.9999974518982085.


Package fontspec Info: 
(fontspec)             DejaVuSansMono scale = 0.9999974518982085.


Package fontspec Info: 
(fontspec)             DejaVuSansMono scale = 0.9999974518982085.


Package fontspec Info: 
(fontspec)             DejaVuSansMono scale = 0.9999974518982085.


Underfull \hbox (badness 10000) in paragraph at lines 1102--1103
[]\TU/DejaVuSansMono.ttf(1)/m/n/10.95 k_neighbors\TU/DejaVuSans.ttf(2)/m/n/10.9
5 ,
 []


Package fontspec Info: 
(fontspec)             DejaVuSansMono scale = 0.9999974518982085.


Package fontspec Info: 
(fontspec)             DejaVuSansMono scale = 0.9999974518982085.


Package fontspec Info: 
(fontspec)             DejaVuSansMono scale = 0.9999974518982085.


Underfull \hbox (badness 4429) in paragraph at lines 1109--1109
[]\TU/DejaVuSans.ttf(2)/b/n/14.4 Ιστορική προσομοίωση και παράθυρα (window
 []


Package fontspec Info: 
(fontspec)             DejaVuSansMono scale = 0.9999974518982085.


Package fontspec Info: 
(fontspec)             DejaVuSansMono scale = 0.9999974518982085.


Underfull \hbox (badness 3657) in paragraph at lines 1111--1112
[]\TU/DejaVuSans.ttf(2)/m/n/10.95 Η μέθοδος \TU/DejaVuSansMono.ttf(1)/m/n/10.95
 historical \TU/DejaVuSans.ttf(2)/m/n/10.95 (\TU/DejaVuSansMono.ttf(1)/m/n/10.9
5 sim_historical\TU/DejaVuSans.ttf(2)/m/n/10.95 ) αποτελεί την απλούστερη μη-
 []

[37]

Package fontspec Info: 
(fontspec)             DejaVuSansMono scale = 0.9999974518982085.


Package fontspec Info: 
(fontspec)             DejaVuSansMono scale = 0.9999974518982085.


Package fontspec Info: 
(fontspec)             DejaVuSansMono scale = 0.9999974518982085.


Package fontspec Info: 
(fontspec)             DejaVuSansMono scale = 0.9999974518982085.


Package fontspec Info: 
(fontspec)             DejaVuSansMono scale = 0.9999974518982085.


Package fontspec Info: 
(fontspec)             DejaVuSansMono scale = 0.9999974518982085.


Package fontspec Info: 
(fontspec)             DejaVuSansMono scale = 0.9999974518982085.


Package fontspec Info: 
(fontspec)             DejaVuSansMono scale = 0.9999974518982085.


Package fontspec Info: 
(fontspec)             DejaVuSansMono scale = 0.9999974518982085.


Package fontspec Info: 
(fontspec)             DejaVuSansMono scale = 0.9999974518982085.

 [38]

Package fontspec Info: 
(fontspec)             DejaVuSansMono scale = 0.9999974518982085.


Package fontspec Info: 
(fontspec)             DejaVuSansMono scale = 0.9999974518982085.

LaTeX Font Info:    Font shape `TU/DejaVuSansMono.ttf(0)/b/n' will be
(Font)              scaled to size 12.0pt on input line 1154.

Package fontspec Info: 
(fontspec)             DejaVuSansMono scale = 0.9999976748565969.

LaTeX Font Info:    Font shape `TU/DejaVuSansMono.ttf(1)/b/n' will be
(Font)              scaled to size 12.0pt on input line 1154.

Package fontspec Info: 
(fontspec)             DejaVuSansMono scale = 0.9999976748565969.


Package fontspec Info: 
(fontspec)             DejaVuSansMono scale = 0.9999974518982085.


Package fontspec Info: 
(fontspec)             DejaVuSansMono scale = 0.9999974518982085.


Underfull \hbox (badness 10000) in paragraph at lines 1157--1158
[]\TU/DejaVuSans.ttf(2)/m/n/10.95 Η αδελφική παραλλαγή \TU/DejaVuSansMono.ttf(1
)/m/n/10.95 sim_multifractal_empirical \TU/DejaVuSans.ttf(2)/m/n/10.95 αντικαθι
στά τα
 []


Package fontspec Info: 
(fontspec)             DejaVuSansMono scale = 0.9999974518982085.


Package fontspec Info: 
(fontspec)             DejaVuSansMono scale = 0.9999974518982085.


Package fontspec Info: 
(fontspec)             DejaVuSansMono scale = 0.9999974518982085.

[39]

Package fontspec Info: 
(fontspec)             DejaVuSansMono scale = 0.9999974518982085.


Package fontspec Info: 
(fontspec)             DejaVuSansMono scale = 0.9999974518982085.


Package fontspec Info: 
(fontspec)             DejaVuSansMono scale = 0.9999974518982085.


Package fontspec Info: 
(fontspec)             DejaVuSansMono scale = 0.9999974518982085.


Package fontspec Info: 
(fontspec)             DejaVuSansMono scale = 0.9999976748565969.


Package fontspec Info: 
(fontspec)             DejaVuSansMono scale = 0.9999974518982085.


Package fontspec Info: 
(fontspec)             DejaVuSansMono scale = 0.9999976748565969.


Package fontspec Info: 
(fontspec)             DejaVuSansMono scale = 0.9999974518982085.


Package fontspec Info: 
(fontspec)             DejaVuSansMono scale = 0.9999974518982085.


Package fontspec Info: 
(fontspec)             DejaVuSansMono scale = 0.9999974518982085.

 [40]

Package fontspec Info: 
(fontspec)             DejaVuSansMono scale = 0.9999974518982085.


Package fontspec Info: 
(fontspec)             DejaVuSansMono scale = 0.9999974518982085.


Underfull \hbox (badness 6236) in paragraph at lines 1199--1200
[]\TU/DejaVuSans.ttf(2)/m/n/10.95 Η μέθοδος \TU/DejaVuSansMono.ttf(1)/m/n/10.95
 analogue \TU/DejaVuSans.ttf(2)/m/n/10.95 (\TU/DejaVuSansMono.ttf(1)/m/n/10.95 
sim_analogue\TU/DejaVuSans.ttf(2)/m/n/10.95 ) ακολουθεί διαφορετική φιλοσοφία
 []


Package fontspec Info: 
(fontspec)             DejaVuSansMono scale = 0.9999974518982085.


Package fontspec Info: 
(fontspec)             DejaVuSansMono scale = 0.9999974518982085.


Package fontspec Info: 
(fontspec)             DejaVuSansMono scale = 0.9999974518982085.


Package fontspec Info: 
(fontspec)             DejaVuSansMono scale = 0.9999974518982085.


Package fontspec Info: 
(fontspec)             DejaVuSansMono scale = 0.9999974518982085.


Package fontspec Info: 
(fontspec)             DejaVuSansMono scale = 0.9999974518982085.


Underfull \hbox (badness 1838) in paragraph at lines 1210--1211
[]\TU/DejaVuSans.ttf(2)/m/n/10.95 Όλες οι εμπειρικές μέθοδοι (\TU/DejaVuSansMon
o.ttf(1)/m/n/10.95 historical\TU/DejaVuSans.ttf(2)/m/n/10.95 , \TU/DejaVuSansMo
no.ttf(1)/m/n/10.95 window\TU/DejaVuSans.ttf(2)/m/n/10.95 , \TU/DejaVuSansMono.
ttf(1)/m/n/10.95 block_bootstrap\TU/DejaVuSans.ttf(2)/m/n/10.95 , \TU/DejaVuSan
sMono.ttf(1)/m/n/10.95 fhs\TU/DejaVuSans.ttf(2)/m/n/10.95 ,
 []

[41]

Package fontspec Info: 
(fontspec)             DejaVuSansMono scale = 0.9999974518982085.


Underfull \hbox (badness 6876) in paragraph at lines 1227--1228
[]\TU/DejaVuSans.ttf(2)/m/n/10.95 Στην υλοποίηση, η EMC ενσωματώνεται ως post-p
rocessing step στο
 []


Package fontspec Info: 
(fontspec)             DejaVuSansMono scale = 0.9999974518982085.


Package fontspec Info: 
(fontspec)             DejaVuSansMono scale = 0.9999974518982085.


Package fontspec Info: 
(fontspec)             DejaVuSansMono scale = 0.9999974518982085.


Package fontspec Info: 
(fontspec)             DejaVuSansMono scale = 0.9999974518982085.


Package fontspec Info: 
(fontspec)             DejaVuSansMono scale = 0.9999974518982085.


Package fontspec Info: 
(fontspec)             DejaVuSansMono scale = 0.99999651228895.


Package fontspec Info: 
(fontspec)             DejaVuSansMono scale = 0.9999953497240063.


Package fontspec Info: 
(fontspec)             DejaVuSansMono scale = 0.9999974518982085.


Package fontspec Info: 
(fontspec)             DejaVuSansMono scale = 0.9999974518982085.


Package fontspec Info: 
(fontspec)             DejaVuSansMono scale = 0.9999974518982085.


Package fontspec Info: 
(fontspec)             DejaVuSansMono scale = 0.9999974518982085.


Package fontspec Info: 
(fontspec)             DejaVuSansMono scale = 0.9999974518982085.


Package fontspec Info: 
(fontspec)             DejaVuSansMono scale = 0.99999651228895.


Package fontspec Info: 
(fontspec)             DejaVuSansMono scale = 0.9999953497240063.


Package fontspec Info: 
(fontspec)             DejaVuSansMono scale = 0.9999974518982085.


Package fontspec Info: 
(fontspec)             DejaVuSansMono scale = 0.9999974518982085.


Package fontspec Info: 
(fontspec)             DejaVuSansMono scale = 0.99999651228895.


Package fontspec Info: 
(fontspec)             DejaVuSansMono scale = 0.9999953497240063.


Package fontspec Info: 
(fontspec)             DejaVuSansMono scale = 0.9999974518982085.


Package fontspec Info: 
(fontspec)             DejaVuSansMono scale = 0.9999974518982085.


Package fontspec Info: 
(fontspec)             DejaVuSansMono scale = 0.99999651228895.


Package fontspec Info: 
(fontspec)             DejaVuSansMono scale = 0.9999953497240063.


Package fontspec Info: 
(fontspec)             DejaVuSansMono scale = 0.9999974518982085.


Package fontspec Info: 
(fontspec)             DejaVuSansMono scale = 0.9999974518982085.


Package fontspec Info: 
(fontspec)             DejaVuSansMono scale = 0.99999651228895.


Package fontspec Info: 
(fontspec)             DejaVuSansMono scale = 0.9999953497240063.


Overfull \hbox (98.2132pt too wide) in paragraph at lines 1230--1231
[]\TU/DejaVuSansMono.ttf(1)/m/n/10.95 RISK_NEUTRAL_METHODS $[] [] [][] [][] [][
] [] []$
 []


Package fontspec Info: 
(fontspec)             DejaVuSansMono scale = 0.9999974518982085.


Package fontspec Info: 
(fontspec)             DejaVuSansMono scale = 0.9999974518982085.


Package fontspec Info: 
(fontspec)             DejaVuSansMono scale = 0.9999974518982085.


Package fontspec Info: 
(fontspec)             DejaVuSansMono scale = 0.9999974518982085.


Underfull \hbox (badness 1400) in paragraph at lines 1232--1233
\TU/DejaVuSans.ttf(2)/m/n/10.95 Επιπροσθέτως, η παράμετρος \TU/DejaVuSansMono.t
tf(1)/m/n/10.95 extra_emc_methods \TU/DejaVuSans.ttf(2)/m/n/10.95 επιτρέπει στο
ν χρήστη να
 []


Underfull \hbox (badness 1348) in paragraph at lines 1232--1233
\TU/DejaVuSans.ttf(2)/m/n/10.95 υπαγάγει προαιρετικά στην EMC μεθόδους όπως οι 
\TU/DejaVuSansMono.ttf(1)/m/n/10.95 historical\TU/DejaVuSans.ttf(2)/m/n/10.95 ,
 \TU/DejaVuSansMono.ttf(1)/m/n/10.95 window \TU/DejaVuSans.ttf(2)/m/n/10.95 και

 []

[42]

Package fontspec Info: 
(fontspec)             DejaVuSansMono scale = 0.9999974518982085.


Package fontspec Info: 
(fontspec)             DejaVuSansMono scale = 0.9999974518982085.


Package fontspec Info: 
(fontspec)             DejaVuSansMono scale = 0.9999974518982085.


Package fontspec Info: 
(fontspec)             DejaVuSansMono scale = 0.9999974518982085.


Package fontspec Info: 
(fontspec)             DejaVuSansMono scale = 0.9999974518982085.


Package fontspec Info: 
(fontspec)             DejaVuSansMono scale = 0.9999974518982085.


Package fontspec Info: 
(fontspec)             DejaVuSansMono scale = 0.9999974518982085.


Package fontspec Info: 
(fontspec)             DejaVuSansMono scale = 0.9999974518982085.


Package fontspec Info: 
(fontspec)             DejaVuSansMono scale = 0.9999974518982085.


Package fontspec Info: 
(fontspec)             DejaVuSansMono scale = 0.9999974518982085.


Package fontspec Info: 
(fontspec)             DejaVuSansMono scale = 0.9999974518982085.


Package fontspec Info: 
(fontspec)             DejaVuSansMono scale = 0.9999974518982085.


Package fontspec Info: 
(fontspec)             DejaVuSansMono scale = 0.9999974518982085.


Package fontspec Info: 
(fontspec)             DejaVuSansMono scale = 0.9999974518982085.


Package fontspec Info: 
(fontspec)             DejaVuSansMono scale = 0.9999974518982085.


Package fontspec Info: 
(fontspec)             DejaVuSansMono scale = 0.9999974518982085.


Package fontspec Info: 
(fontspec)             DejaVuSansMono scale = 0.9999974518982085.


Package fontspec Info: 
(fontspec)             DejaVuSansMono scale = 0.9999974518982085.


Package fontspec Info: 
(fontspec)             DejaVuSansMono scale = 0.9999974518982085.


Package fontspec Info: 
(fontspec)             DejaVuSansMono scale = 0.9999974518982085.


Package fontspec Info: 
(fontspec)             DejaVuSansMono scale = 0.9999974518982085.


Package fontspec Info: 
(fontspec)             DejaVuSansMono scale = 0.9999974518982085.


Package fontspec Info: 
(fontspec)             DejaVuSansMono scale = 0.9999974518982085.


Package fontspec Info: 
(fontspec)             DejaVuSansMono scale = 0.9999974518982085.


Package fontspec Info: 
(fontspec)             DejaVuSansMono scale = 0.9999974518982085.


Package fontspec Info: 
(fontspec)             DejaVuSansMono scale = 0.9999974518982085.


Package fontspec Info: 
(fontspec)             DejaVuSansMono scale = 0.9999974518982085.


Package fontspec Info: 
(fontspec)             DejaVuSansMono scale = 0.9999974518982085.

 [43]

Package fontspec Info: 
(fontspec)             DejaVuSansMono scale = 0.9999974518982085.


Package fontspec Info: 
(fontspec)             DejaVuSansMono scale = 0.9999974518982085.


Package fontspec Info: 
(fontspec)             DejaVuSansMono scale = 0.9999974518982085.


Package fontspec Info: 
(fontspec)             DejaVuSansMono scale = 0.9999974518982085.


Package fontspec Info: 
(fontspec)             DejaVuSansMono scale = 0.9999974518982085.


Package fontspec Info: 
(fontspec)             DejaVuSansMono scale = 0.9999974518982085.


Package fontspec Info: 
(fontspec)             DejaVuSansMono scale = 0.9999974518982085.


Package fontspec Info: 
(fontspec)             DejaVuSansMono scale = 0.9999974518982085.


Package fontspec Info: 
(fontspec)             DejaVuSansMono scale = 0.99999651228895.


Package fontspec Info: 
(fontspec)             DejaVuSansMono scale = 0.9999953497240063.

 [44]

Package fontspec Info: 
(fontspec)             DejaVuSansMono scale = 0.9999974518982085.


Package fontspec Info: 
(fontspec)             DejaVuSansMono scale = 0.9999974518982085.


Package fontspec Info: 
(fontspec)             DejaVuSansMono scale = 0.9999974518982085.


Package fontspec Info: 
(fontspec)             DejaVuSansMono scale = 0.9999974518982085.


Package fontspec Info: 
(fontspec)             DejaVuSansMono scale = 0.9999974518982085.


Underfull \hbox (badness 2293) in paragraph at lines 1272--1273
\TU/DejaVuSans.ttf(2)/m/n/10.95 χιλιάδες tickers κατεβαίνουν παράλληλα — χρησιμ
οποιείται το διανεμημένο
 []


Underfull \hbox (badness 3919) in paragraph at lines 1272--1273
\TU/DejaVuSans.ttf(2)/m/n/10.95 μοντέλο εκτέλεσης του Spark μέσω \TU/DejaVuSans
Mono.ttf(1)/m/n/10.95 mapPartitions \TU/DejaVuSans.ttf(2)/m/n/10.95 και \TU/Dej
aVuSans.ttf(2)/m/it/10.95 Pandas UDFs\TU/DejaVuSans.ttf(2)/m/n/10.95 , με
 []


Underfull \hbox (badness 3668) in paragraph at lines 1272--1273
\TU/DejaVuSans.ttf(2)/m/n/10.95 βοηθούς \TU/DejaVuSansMono.ttf(1)/m/n/10.95 run
_simulations_spark \TU/DejaVuSans.ttf(2)/m/n/10.95 και \TU/DejaVuSansMono.ttf(1
)/m/n/10.95 run_multi_ticker_spark \TU/DejaVuSans.ttf(2)/m/n/10.95 στο module
 []


Package fontspec Info: 
(fontspec)             DejaVuSansMono scale = 0.9999974518982085.


Package fontspec Info: 
(fontspec)             DejaVuSansMono scale = 0.9999974518982085.


Package fontspec Info: 
(fontspec)             DejaVuSansMono scale = 0.9999974518982085.


Package fontspec Info: 
(fontspec)             DejaVuSansMono scale = 0.9999974518982085.


Package fontspec Info: 
(fontspec)             DejaVuSansMono scale = 0.9999974518982085.


Package fontspec Info: 
(fontspec)             DejaVuSansMono scale = 0.9999974518982085.


Package fontspec Info: 
(fontspec)             DejaVuSansMono scale = 0.9999974518982085.


Package fontspec Info: 
(fontspec)             DejaVuSansMono scale = 0.9999974518982085.


Package fontspec Info: 
(fontspec)             DejaVuSansMono scale = 0.9999974518982085.


Package fontspec Info: 
(fontspec)             DejaVuSansMono scale = 0.9999974518982085.

[45]

Package fontspec Info: 
(fontspec)             DejaVuSansMono scale = 0.9999974518982085.


Package fontspec Info: 
(fontspec)             DejaVuSansMono scale = 0.9999974518982085.


Package fontspec Info: 
(fontspec)             DejaVuSansMono scale = 0.9999974518982085.


Package fontspec Info: 
(fontspec)             DejaVuSansMono scale = 0.9999974518982085.


Package fontspec Info: 
(fontspec)             DejaVuSansMono scale = 0.9999974518982085.


Package fontspec Info: 
(fontspec)             DejaVuSansMono scale = 0.9999974518982085.


Package fontspec Info: 
(fontspec)             DejaVuSansMono scale = 0.9999974518982085.


Package fontspec Info: 
(fontspec)             DejaVuSansMono scale = 0.9999974518982085.


Underfull \hbox (badness 1215) in paragraph at lines 1294--1295
\TU/DejaVuSans.ttf(2)/m/n/10.95 όπου το πεδίο \TU/DejaVuSansMono.ttf(1)/m/n/10.
95 <dataset> \TU/DejaVuSans.ttf(2)/m/n/10.95 αντιστοιχεί σε λογικό dataset (π.χ
. \TU/DejaVuSansMono.ttf(1)/m/n/10.95 mc_vs_actual\TU/DejaVuSans.ttf(2)/m/n/10.
95 ,
 []


Package fontspec Info: 
(fontspec)             DejaVuSansMono scale = 0.9999974518982085.


Package fontspec Info: 
(fontspec)             DejaVuSansMono scale = 0.9999974518982085.


Package fontspec Info: 
(fontspec)             DejaVuSansMono scale = 0.9999974518982085.


Package fontspec Info: 
(fontspec)             DejaVuSansMono scale = 0.9999974518982085.


Package fontspec Info: 
(fontspec)             DejaVuSansMono scale = 0.9999974518982085.

[46]

Package fontspec Info: 
(fontspec)             DejaVuSansMono scale = 0.9999974518982085.


Package fontspec Info: 
(fontspec)             DejaVuSansMono scale = 0.9999974518982085.


Package fontspec Info: 
(fontspec)             DejaVuSansMono scale = 0.9999974518982085.


Underfull \hbox (badness 1009) in paragraph at lines 1308--1309
[]\TU/DejaVuSans.ttf(2)/m/n/10.95 Στο κεφάλαιο αυτό περιγράφεται η εφαρμογή που
 αναπτύχθηκε στο πλαί-
 []


Package fontspec Info: 
(fontspec)             DejaVuSansMono scale = 0.9999974518982085.


Package fontspec Info: 
(fontspec)             DejaVuSansMono scale = 0.99999651228895.


Package fontspec Info: 
(fontspec)             DejaVuSansMono scale = 0.9999974518982085.


Package fontspec Info: 
(fontspec)             DejaVuSansMono scale = 0.9999974518982085.


Package fontspec Info: 
(fontspec)             DejaVuSansMono scale = 0.99999651228895.


Package fontspec Info: 
(fontspec)             DejaVuSansMono scale = 0.99999651228895.


Package fontspec Info: 
(fontspec)             DejaVuSansMono scale = 0.99999651228895.


Package fontspec Info: 
(fontspec)             DejaVuSansMono scale = 0.9999974518982085.


Package fontspec Info: 
(fontspec)             DejaVuSansMono scale = 0.9999974518982085.


Package fontspec Info: 
(fontspec)             DejaVuSansMono scale = 0.99999651228895.

[47]

Package fontspec Info: 
(fontspec)             DejaVuSansMono scale = 0.9999974518982085.


Package fontspec Info: 
(fontspec)             DejaVuSansMono scale = 0.9999974518982085.


Package fontspec Info: 
(fontspec)             DejaVuSansMono scale = 0.9999974518982085.


Package fontspec Info: 
(fontspec)             DejaVuSansMono scale = 0.9999974518982085.


Package fontspec Info: 
(fontspec)             DejaVuSansMono scale = 0.9999974518982085.


Package fontspec Info: 
(fontspec)             DejaVuSansMono scale = 0.9999974518982085.


Package fontspec Info: 
(fontspec)             DejaVuSansMono scale = 0.9999974518982085.

File: Sequence_Diagram.png Graphic file (type bmp)
<Sequence_Diagram.png>

Package fontspec Info: 
(fontspec)             DejaVuSansMono scale = 0.9999976748565969.

LaTeX Font Info:    Font shape `TU/DejaVuSansMono.ttf(1)/m/n' will be
(Font)              scaled to size 12.0pt on input line 1393.

Package fontspec Info: 
(fontspec)             DejaVuSansMono scale = 0.9999976748565969.


Package fontspec Info: 
(fontspec)             DejaVuSansMono scale = 0.9999976748565969.


Package fontspec Info: 
(fontspec)             DejaVuSansMono scale = 0.9999976748565969.


Package fontspec Info: 
(fontspec)             DejaVuSansMono scale = 0.9999976748565969.


Package fontspec Info: 
(fontspec)             DejaVuSansMono scale = 0.9999976748565969.


Package fontspec Info: 
(fontspec)             DejaVuSansMono scale = 0.9999976748565969.


Package fontspec Info: 
(fontspec)             DejaVuSansMono scale = 0.9999976748565969.


Package fontspec Info: 
(fontspec)             DejaVuSansMono scale = 0.9999976748565969.


Package fontspec Info: 
(fontspec)             DejaVuSansMono scale = 0.9999976748565969.


Package fontspec Info: 
(fontspec)             DejaVuSansMono scale = 0.9999976748565969.


Package fontspec Info: 
(fontspec)             DejaVuSansMono scale = 0.9999976748565969.


Package fontspec Info: 
(fontspec)             DejaVuSansMono scale = 0.9999976748565969.


Package fontspec Info: 
(fontspec)             DejaVuSansMono scale = 0.9999976748565969.


Package fontspec Info: 
(fontspec)             DejaVuSansMono scale = 0.9999976748565969.


Package fontspec Info: 
(fontspec)             DejaVuSansMono scale = 0.9999976748565969.

 [48]

Package fontspec Info: 
(fontspec)             DejaVuSansMono scale = 0.9999974518982085.


Package fontspec Info: 
(fontspec)             DejaVuSansMono scale = 0.9999974518982085.


Package fontspec Info: 
(fontspec)             DejaVuSansMono scale = 0.9999974518982085.


Package fontspec Info: 
(fontspec)             DejaVuSansMono scale = 0.9999974518982085.


Package fontspec Info: 
(fontspec)             DejaVuSansMono scale = 0.9999974518982085.


Package fontspec Info: 
(fontspec)             DejaVuSansMono scale = 0.9999974518982085.


Package fontspec Info: 
(fontspec)             DejaVuSansMono scale = 0.9999974518982085.


Package fontspec Info: 
(fontspec)             DejaVuSansMono scale = 0.9999974518982085.


Package fontspec Info: 
(fontspec)             DejaVuSansMono scale = 0.9999974518982085.


Package fontspec Info: 
(fontspec)             DejaVuSansMono scale = 0.9999974518982085.


Package fontspec Info: 
(fontspec)             DejaVuSansMono scale = 0.9999974518982085.


Package fontspec Info: 
(fontspec)             DejaVuSansMono scale = 0.9999974518982085.


Package fontspec Info: 
(fontspec)             DejaVuSansMono scale = 0.9999974518982085.

 [49]

Package fontspec Info: 
(fontspec)             DejaVuSansMono scale = 0.9999974518982085.


Package fontspec Info: 
(fontspec)             DejaVuSansMono scale = 0.9999974518982085.


Package fontspec Info: 
(fontspec)             DejaVuSansMono scale = 0.9999974518982085.


Package fontspec Info: 
(fontspec)             DejaVuSansMono scale = 0.9999974518982085.


Package fontspec Info: 
(fontspec)             DejaVuSansMono scale = 0.9999974518982085.


Package fontspec Info: 
(fontspec)             DejaVuSansMono scale = 0.9999974518982085.


Package fontspec Info: 
(fontspec)             DejaVuSansMono scale = 0.9999974518982085.


Package fontspec Info: 
(fontspec)             DejaVuSansMono scale = 0.9999974518982085.


Package fontspec Info: 
(fontspec)             DejaVuSansMono scale = 0.9999974518982085.


Package fontspec Info: 
(fontspec)             DejaVuSansMono scale = 0.9999974518982085.


Package fontspec Info: 
(fontspec)             DejaVuSansMono scale = 0.9999974518982085.


Package fontspec Info: 
(fontspec)             DejaVuSansMono scale = 0.9999974518982085.


Package fontspec Info: 
(fontspec)             DejaVuSansMono scale = 0.9999974518982085.


Package fontspec Info: 
(fontspec)             DejaVuSansMono scale = 0.9999974518982085.


Package fontspec Info: 
(fontspec)             DejaVuSansMono scale = 0.9999974518982085.


Package fontspec Info: 
(fontspec)             DejaVuSansMono scale = 0.9999974518982085.


Package fontspec Info: 
(fontspec)             DejaVuSansMono scale = 0.9999974518982085.


Package fontspec Info: 
(fontspec)             DejaVuSansMono scale = 0.9999974518982085.


Package fontspec Info: 
(fontspec)             DejaVuSansMono scale = 0.9999974518982085.


Package fontspec Info: 
(fontspec)             DejaVuSansMono scale = 0.9999974518982085.


Package fontspec Info: 
(fontspec)             DejaVuSansMono scale = 0.9999974518982085.


Package fontspec Info: 
(fontspec)             DejaVuSansMono scale = 0.9999974518982085.


Package fontspec Info: 
(fontspec)             DejaVuSansMono scale = 0.9999974518982085.


Package fontspec Info: 
(fontspec)             DejaVuSansMono scale = 0.9999974518982085.


Package fontspec Info: 
(fontspec)             DejaVuSansMono scale = 0.9999974518982085.


Package fontspec Info: 
(fontspec)             DejaVuSansMono scale = 0.9999974518982085.


Package fontspec Info: 
(fontspec)             DejaVuSansMono scale = 0.9999974518982085.


Package fontspec Info: 
(fontspec)             DejaVuSansMono scale = 0.9999974518982085.


Package fontspec Info: 
(fontspec)             DejaVuSansMono scale = 0.9999974518982085.


Package fontspec Info: 
(fontspec)             DejaVuSansMono scale = 0.9999974518982085.

 [50]

Package fontspec Info: 
(fontspec)             DejaVuSansMono scale = 0.9999974518982085.


Package fontspec Info: 
(fontspec)             DejaVuSansMono scale = 0.9999974518982085.


Package fontspec Info: 
(fontspec)             DejaVuSansMono scale = 0.9999974518982085.


Package fontspec Info: 
(fontspec)             DejaVuSansMono scale = 0.9999974518982085.


Package fontspec Info: 
(fontspec)             DejaVuSansMono scale = 0.9999974518982085.


Underfull \hbox (badness 10000) in paragraph at lines 1443--1444
[]\TU/DejaVuSansMono.ttf(1)/m/n/10.95 DatabricksRunner\TU/DejaVuSans.ttf(2)/m/n
/10.95 : υποβάλλει και παρακολουθεί εργασίες μέσω του
 []


Underfull \hbox (badness 6316) in paragraph at lines 1443--1444
\TU/DejaVuSans.ttf(2)/m/n/10.95 Databricks Jobs 2.0 REST API. Κατά την υποβολή 
κατασκευάζει το
 []


Package fontspec Info: 
(fontspec)             DejaVuSansMono scale = 0.9999974518982085.


Package fontspec Info: 
(fontspec)             DejaVuSansMono scale = 0.9999974518982085.


Package fontspec Info: 
(fontspec)             DejaVuSansMono scale = 0.9999974518982085.


Package fontspec Info: 
(fontspec)             DejaVuSansMono scale = 0.9999974518982085.


Package fontspec Info: 
(fontspec)             DejaVuSansMono scale = 0.9999974518982085.


Package fontspec Info: 
(fontspec)             DejaVuSansMono scale = 0.9999974518982085.


Package fontspec Info: 
(fontspec)             DejaVuSansMono scale = 0.9999974518982085.


Package fontspec Info: 
(fontspec)             DejaVuSansMono scale = 0.9999974518982085.


Package fontspec Info: 
(fontspec)             DejaVuSansMono scale = 0.9999974518982085.


Package fontspec Info: 
(fontspec)             DejaVuSansMono scale = 0.9999974518982085.


Package fontspec Info: 
(fontspec)             DejaVuSansMono scale = 0.9999974518982085.


Package fontspec Info: 
(fontspec)             DejaVuSansMono scale = 0.9999974518982085.


Package fontspec Info: 
(fontspec)             DejaVuSansMono scale = 0.9999974518982085.


Package fontspec Info: 
(fontspec)             DejaVuSansMono scale = 0.9999974518982085.


Package fontspec Info: 
(fontspec)             DejaVuSansMono scale = 0.9999974518982085.


Package fontspec Info: 
(fontspec)             DejaVuSansMono scale = 0.9999974518982085.


Package fontspec Info: 
(fontspec)             DejaVuSansMono scale = 0.9999974518982085.


Package fontspec Info: 
(fontspec)             DejaVuSansMono scale = 0.9999974518982085.


Underfull \hbox (badness 1708) in paragraph at lines 1455--1456
[]\TU/DejaVuSansMono.ttf(1)/m/n/10.95 AzureParquetResultsRepository\TU/DejaVuSa
ns.ttf(2)/m/n/10.95 : διαβάζει το ticker-partitioned parquet
 []


Package fontspec Info: 
(fontspec)             DejaVuSansMono scale = 0.9999974518982085.


Package fontspec Info: 
(fontspec)             DejaVuSansMono scale = 0.9999974518982085.


Package fontspec Info: 
(fontspec)             DejaVuSansMono scale = 0.9999974518982085.


Package fontspec Info: 
(fontspec)             DejaVuSansMono scale = 0.9999974518982085.


Package fontspec Info: 
(fontspec)             DejaVuSansMono scale = 0.9999974518982085.


Package fontspec Info: 
(fontspec)             DejaVuSansMono scale = 0.9999974518982085.


Package fontspec Info: 
(fontspec)             DejaVuSansMono scale = 0.9999974518982085.


Package fontspec Info: 
(fontspec)             DejaVuSansMono scale = 0.9999974518982085.


Package fontspec Info: 
(fontspec)             DejaVuSansMono scale = 0.9999974518982085.


Package fontspec Info: 
(fontspec)             DejaVuSansMono scale = 0.9999974518982085.


Package fontspec Info: 
(fontspec)             DejaVuSansMono scale = 0.9999974518982085.


Package fontspec Info: 
(fontspec)             DejaVuSansMono scale = 0.9999974518982085.


Package fontspec Info: 
(fontspec)             DejaVuSansMono scale = 0.9999974518982085.


Package fontspec Info: 
(fontspec)             DejaVuSansMono scale = 0.9999974518982085.


Package fontspec Info: 
(fontspec)             DejaVuSansMono scale = 0.9999974518982085.

[51]

Package fontspec Info: 
(fontspec)             DejaVuSansMono scale = 0.9999974518982085.


Package fontspec Info: 
(fontspec)             DejaVuSansMono scale = 0.9999974518982085.


Package fontspec Info: 
(fontspec)             DejaVuSansMono scale = 0.9999974518982085.


Package fontspec Info: 
(fontspec)             DejaVuSansMono scale = 0.9999974518982085.


Package fontspec Info: 
(fontspec)             DejaVuSansMono scale = 0.9999974518982085.


Package fontspec Info: 
(fontspec)             DejaVuSansMono scale = 0.9999974518982085.


Package fontspec Info: 
(fontspec)             DejaVuSansMono scale = 0.9999974518982085.


Package fontspec Info: 
(fontspec)             DejaVuSansMono scale = 0.9999974518982085.


Package fontspec Info: 
(fontspec)             DejaVuSansMono scale = 0.9999974518982085.


Package fontspec Info: 
(fontspec)             DejaVuSansMono scale = 0.9999974518982085.

 [52] [53]
Underfull \hbox (badness 3919) in paragraph at lines 1511--1511
[]\TU/DejaVuSans.ttf(2)/b/n/17.28 Υλοποίηση, Προσομοιώσεις και Αποτελέ-
 []


Package fontspec Info: 
(fontspec)             DejaVuSansMono scale = 0.9999974518982085.


Package fontspec Info: 
(fontspec)             DejaVuSansMono scale = 0.9999974518982085.


Package fontspec Info: 
(fontspec)             DejaVuSansMono scale = 0.9999974518982085.


Package fontspec Info: 
(fontspec)             DejaVuSansMono scale = 0.9999974518982085.


Package fontspec Info: 
(fontspec)             DejaVuSansMono scale = 0.9999974518982085.


Package fontspec Info: 
(fontspec)             DejaVuSansMono scale = 0.9999974518982085.


Package fontspec Info: 
(fontspec)             DejaVuSansMono scale = 0.9999974518982085.


Package fontspec Info: 
(fontspec)             DejaVuSansMono scale = 0.9999974518982085.


Package fontspec Info: 
(fontspec)             DejaVuSansMono scale = 0.9999974518982085.


Package fontspec Info: 
(fontspec)             DejaVuSansMono scale = 0.9999974518982085.


Package fontspec Info: 
(fontspec)             DejaVuSansMono scale = 0.9999974518982085.


Package fontspec Info: 
(fontspec)             DejaVuSansMono scale = 0.9999974518982085.


Package fontspec Info: 
(fontspec)             DejaVuSansMono scale = 0.9999974518982085.


Package fontspec Info: 
(fontspec)             DejaVuSansMono scale = 0.9999974518982085.


Package fontspec Info: 
(fontspec)             DejaVuSansMono scale = 0.9999974518982085.


Package fontspec Info: 
(fontspec)             DejaVuSansMono scale = 0.9999974518982085.


Package fontspec Info: 
(fontspec)             DejaVuSansMono scale = 0.9999974518982085.


Package fontspec Info: 
(fontspec)             DejaVuSansMono scale = 0.9999974518982085.


Package fontspec Info: 
(fontspec)             DejaVuSansMono scale = 0.9999974518982085.


Package fontspec Info: 
(fontspec)             DejaVuSansMono scale = 0.9999974518982085.


Package fontspec Info: 
(fontspec)             DejaVuSansMono scale = 0.9999974518982085.


Package fontspec Info: 
(fontspec)             DejaVuSansMono scale = 0.9999974518982085.


Package fontspec Info: 
(fontspec)             DejaVuSansMono scale = 0.9999974518982085.


Package fontspec Info: 
(fontspec)             DejaVuSansMono scale = 0.9999974518982085.


Package fontspec Info: 
(fontspec)             DejaVuSansMono scale = 0.9999974518982085.


Package fontspec Info: 
(fontspec)             DejaVuSansMono scale = 0.9999974518982085.


Package fontspec Info: 
(fontspec)             DejaVuSansMono scale = 0.9999974518982085.


Package fontspec Info: 
(fontspec)             DejaVuSansMono scale = 0.9999974518982085.


Package fontspec Info: 
(fontspec)             DejaVuSansMono scale = 0.9999974518982085.


Package fontspec Info: 
(fontspec)             DejaVuSansMono scale = 0.9999974518982085.


Package fontspec Info: 
(fontspec)             DejaVuSansMono scale = 0.9999974518982085.


Package fontspec Info: 
(fontspec)             DejaVuSansMono scale = 0.9999974518982085.


Package fontspec Info: 
(fontspec)             DejaVuSansMono scale = 0.9999974518982085.


Package fontspec Info: 
(fontspec)             DejaVuSansMono scale = 0.9999974518982085.


Package fontspec Info: 
(fontspec)             DejaVuSansMono scale = 0.9999974518982085.


Package fontspec Info: 
(fontspec)             DejaVuSansMono scale = 0.9999974518982085.


Package fontspec Info: 
(fontspec)             DejaVuSansMono scale = 0.9999974518982085.


Package fontspec Info: 
(fontspec)             DejaVuSansMono scale = 0.9999974518982085.


Package fontspec Info: 
(fontspec)             DejaVuSansMono scale = 0.9999974518982085.

[54]

Package fontspec Info: 
(fontspec)             DejaVuSansMono scale = 0.9999974518982085.


Package fontspec Info: 
(fontspec)             DejaVuSansMono scale = 0.9999974518982085.


Package fontspec Info: 
(fontspec)             DejaVuSansMono scale = 0.9999974518982085.

File: ../databricks/docs/mc_vs_actual.png Graphic file (type bmp)
<../databricks/docs/mc_vs_actual.png>


LaTeX Warning: `h' float specifier changed to `ht'.


Package fontspec Info: 
(fontspec)             DejaVuSansMono scale = 0.9999974518982085.

[55]

Package fontspec Info: 
(fontspec)             DejaVuSansMono scale = 0.9999974518982085.


Package fontspec Info: 
(fontspec)             DejaVuSansMono scale = 0.9999974518982085.


Package fontspec Info: 
(fontspec)             DejaVuSansMono scale = 0.9999974518982085.


Package fontspec Info: 
(fontspec)             DejaVuSansMono scale = 0.9999974518982085.

 [56]
File: ../databricks/docs/mc_vs_actual_atm.png Graphic file (type bmp)
<../databricks/docs/mc_vs_actual_atm.png>

Package fontspec Info: 
(fontspec)             DejaVuSansMono scale = 0.9999974518982085.


Package fontspec Info: 
(fontspec)             DejaVuSansMono scale = 0.9999974518982085.


Package fontspec Info: 
(fontspec)             DejaVuSansMono scale = 0.9999974518982085.


Package fontspec Info: 
(fontspec)             DejaVuSansMono scale = 0.9999974518982085.


Package fontspec Info: 
(fontspec)             DejaVuSansMono scale = 0.9999974518982085.


Package fontspec Info: 
(fontspec)             DejaVuSansMono scale = 0.9999974518982085.

 [57]
File: ../databricks/docs/emc_comparison.png Graphic file (type bmp)
<../databricks/docs/emc_comparison.png>

Package fontspec Info: 
(fontspec)             DejaVuSansMono scale = 0.9999974518982085.


Package fontspec Info: 
(fontspec)             DejaVuSansMono scale = 0.9999974518982085.


Package fontspec Info: 
(fontspec)             DejaVuSansMono scale = 0.9999974518982085.


Package fontspec Info: 
(fontspec)             DejaVuSansMono scale = 0.9999974518982085.


Package fontspec Info: 
(fontspec)             DejaVuSansMono scale = 0.9999974518982085.


Underfull \hbox (badness 1264) in paragraph at lines 1573--1574
\TU/DejaVuSans.ttf(2)/m/n/10.95 χαία γεωμετρικά κατανεμημένο μήκος, μέσης τιμής
 ίσης με την παράμετρο
 []


Package fontspec Info: 
(fontspec)             DejaVuSansMono scale = 0.9999974518982085.


Package fontspec Info: 
(fontspec)             DejaVuSansMono scale = 0.9999974518982085.


Package fontspec Info: 
(fontspec)             DejaVuSansMono scale = 0.9999974518982085.


Package fontspec Info: 
(fontspec)             DejaVuSansMono scale = 0.9999974518982085.

File: ../databricks/docs/block_length_sweep.png Graphic file (type bmp)
<../databricks/docs/block_length_sweep.png>

Package fontspec Info: 
(fontspec)             DejaVuSansMono scale = 0.9999976748565969.


LaTeX Warning: `h' float specifier changed to `ht'.

LaTeX Font Info:    Font shape `TU/latinmodern-math.otf(2)/m/n' will be
(Font)              scaled to size 14.40152pt on input line 1586.
LaTeX Font Info:    Font shape `TU/latinmodern-math.otf(3)/m/n' will be
(Font)              scaled to size 14.39845pt on input line 1586.
LaTeX Font Info:    Font shape `TU/DejaVuSans.ttf(1)/m/n' will be
(Font)              scaled to size 14.4pt on input line 1586.
LaTeX Font Info:    Font shape `TU/DejaVuSans-Oblique.ttf(0)/m/n' will be
(Font)              scaled to size 14.4pt on input line 1586.
[58]

Package fontspec Info: 
(fontspec)             DejaVuSansMono scale = 0.9999974518982085.


Package fontspec Info: 
(fontspec)             DejaVuSansMono scale = 0.9999974518982085.


Package fontspec Info: 
(fontspec)             DejaVuSansMono scale = 0.9999974518982085.

 [59]
File: ../databricks/docs/lam_sweep.png Graphic file (type bmp)
<../databricks/docs/lam_sweep.png>

Package fontspec Info: 
(fontspec)             DejaVuSansMono scale = 0.9999974518982085.


Package fontspec Info: 
(fontspec)             DejaVuSansMono scale = 0.9999974518982085.


Underfull \hbox (badness 1297) in paragraph at lines 1604--1605
[]\TU/DejaVuSans.ttf(2)/m/n/10.95 Η ποιότητα μιας προσομοίωσης Monte Carlo αξιο
λογείται με δύο μεγέθη
 []


Underfull \hbox (badness 2744) in paragraph at lines 1604--1605
\TU/DejaVuSans.ttf(2)/m/n/10.95 πλέγμα \TU/DejaVuSansMono.ttf(1)/m/n/10.95 RUN_
SCALES = [1000, 10000, 100000, 500000, 1000000, 2000000,
 []


Package fontspec Info: 
(fontspec)             DejaVuSansMono scale = 0.9999974518982085.


Package fontspec Info: 
(fontspec)             DejaVuSansMono scale = 0.9999974518982085.


Package fontspec Info: 
(fontspec)             DejaVuSansMono scale = 0.9999974518982085.


Package fontspec Info: 
(fontspec)             DejaVuSansMono scale = 0.9999974518982085.


Package fontspec Info: 
(fontspec)             DejaVuSansMono scale = 0.9999974518982085.

[60]

Package fontspec Info: 
(fontspec)             DejaVuSansMono scale = 0.9999974518982085.


Package fontspec Info: 
(fontspec)             DejaVuSansMono scale = 0.9999974518982085.


Package fontspec Info: 
(fontspec)             DejaVuSansMono scale = 0.9999974518982085.


Package fontspec Info: 
(fontspec)             DejaVuSansMono scale = 0.9999974518982085.



LaTeX Warning: `h' float specifier changed to `ht'.

[61]

Package fontspec Info: 
(fontspec)             DejaVuSansMono scale = 0.9999974518982085.


Package fontspec Info: 
(fontspec)             DejaVuSansMono scale = 0.9999974518982085.


Package fontspec Info: 
(fontspec)             DejaVuSansMono scale = 0.9999974518982085.


Package fontspec Info: 
(fontspec)             DejaVuSansMono scale = 0.9999974518982085.


Package fontspec Info: 
(fontspec)             DejaVuSansMono scale = 0.9999974518982085.


Package fontspec Info: 
(fontspec)             DejaVuSansMono scale = 0.9999974518982085.

 [62]

Package fontspec Info: 
(fontspec)             DejaVuSansMono scale = 0.9999974518982085.


Package fontspec Info: 
(fontspec)             DejaVuSansMono scale = 0.9999974518982085.


Package fontspec Info: 
(fontspec)             DejaVuSansMono scale = 0.9999974518982085.


Package fontspec Info: 
(fontspec)             DejaVuSansMono scale = 0.9999974518982085.


Package fontspec Info: 
(fontspec)             DejaVuSansMono scale = 0.9999974518982085.


Underfull \hbox (badness 1406) in paragraph at lines 1686--1687
[]\TU/DejaVuSans.ttf(2)/b/n/10.95 Ουδέτερη ως προς κίνδυνο εκτίμηση\TU/DejaVuSa
ns.ttf(2)/m/n/10.95 . Παρά την εφαρμογή της EMC,
 []


Underfull \hbox (badness 1895) in paragraph at lines 1686--1687
\TU/DejaVuSans.ttf(2)/m/n/10.95 η τιμολόγηση παραμένει ασυμπτωτικά ουδέτερη ως 
προς κίνδυνο μόνο για
 []


Underfull \hbox (badness 10000) in paragraph at lines 1686--1687
\TU/DejaVuSans.ttf(2)/m/n/10.95 τις μεθόδους με ρητή Q-measure δομή (\TU/DejaVu
SansMono.ttf(1)/m/n/10.95 black_scholes\TU/DejaVuSans.ttf(2)/m/n/10.95 , \TU/De
jaVuSansMono.ttf(1)/m/n/10.95 multifractal\TU/DejaVuSans.ttf(2)/m/n/10.95 ,
 []


Underfull \hbox (badness 1226) in paragraph at lines 1686--1687
\TU/DejaVuSansMono.ttf(1)/m/n/10.95 multifractal_empirical\TU/DejaVuSans.ttf(2)
/m/n/10.95 , \TU/DejaVuSansMono.ttf(1)/m/n/10.95 fhs_rn\TU/DejaVuSans.ttf(2)/m/
n/10.95 ). Οι υπόλοιπες παρέχουν εμπειρικές προβο-
 []

[63]

Package fontspec Info: 
(fontspec)             DejaVuSansMono scale = 0.9999974518982085.


Package fontspec Info: 
(fontspec)             DejaVuSansMono scale = 0.9999974518982085.


Package fontspec Info: 
(fontspec)             DejaVuSansMono scale = 0.9999974518982085.

 [64]

Package fontspec Info: 
(fontspec)             DejaVuSansMono scale = 0.9999974518982085.


Package fontspec Info: 
(fontspec)             DejaVuSansMono scale = 0.9999974518982085.


Package fontspec Info: 
(fontspec)             DejaVuSansMono scale = 0.9999974518982085.


Package fontspec Info: 
(fontspec)             DejaVuSansMono scale = 0.9999974518982085.


Underfull \hbox (badness 10000) in paragraph at lines 1707--1708
\TU/DejaVuSans.ttf(2)/m/n/10.95 ρίου (\TU/DejaVuSansMono.ttf(1)/m/n/10.95 datab
ricks/src/transforms/simulation.py\TU/DejaVuSans.ttf(2)/m/n/10.95 , \TU/DejaVuS
ansMono.ttf(1)/m/n/10.95 databricks/src/utils/
 []


Underfull \hbox (badness 10000) in paragraph at lines 1717--1718
[]\TU/DejaVuSans.ttf(2)/m/n/10.95 Παραγωγική ρύθμιση
 []


Underfull \hbox (badness 6859) in paragraph at lines 1719--1720
[]$[][][]$ \TU/DejaVuSans.ttf(2)/m/n/10.95 ημέρες διαπραγμά-
 []


Package fontspec Info: 
(fontspec)             DejaVuSansMono scale = 0.9999974518982085.


Package fontspec Info: 
(fontspec)             DejaVuSansMono scale = 0.9999974518982085.


Underfull \hbox (badness 10000) in paragraph at lines 1722--1722
[]\TU/DejaVuSans.ttf(2)/m/n/10.95 Risk-free rate $[]$
 []


Package fontspec Info: 
(fontspec)             DejaVuSansMono scale = 0.9999974518982085.


Overfull \hbox (8.70567pt too wide) in paragraph at lines 1722--1723
[]\TU/DejaVuSansMono.ttf(1)/m/n/10.95 _DEFAULT_RISK_FREE_RATE
 []


Underfull \hbox (badness 10000) in paragraph at lines 1723--1723
[]\TU/DejaVuSans.ttf(2)/m/n/10.95 Discount factor (Q-
 []


Package fontspec Info: 
(fontspec)             DejaVuSansMono scale = 0.9999974518982085.


Underfull \hbox (badness 10000) in paragraph at lines 1723--1724
[]\TU/DejaVuSans.ttf(2)/m/n/10.95 Εφαρμογή σε
 []


Package fontspec Info: 
(fontspec)             DejaVuSansMono scale = 0.9999974518982085.


Package fontspec Info: 
(fontspec)             DejaVuSansMono scale = 0.9999974518982085.


Package fontspec Info: 
(fontspec)             DejaVuSansMono scale = 0.9999974518982085.


Package fontspec Info: 
(fontspec)             DejaVuSansMono scale = 0.9999974518982085.


Package fontspec Info: 
(fontspec)             DejaVuSansMono scale = 0.9999974518982085.


Underfull \hbox (badness 10000) in paragraph at lines 1740--1741
[]\TU/DejaVuSans.ttf(2)/m/n/10.95 MLE προσαρμογή στα log-
 []


Package fontspec Info: 
(fontspec)             DejaVuSansMono scale = 0.9999974518982085.


Underfull \hbox (badness 1472) in paragraph at lines 1741--1742
[]\TU/DejaVuSans.ttf(2)/m/n/10.95 ετησιοποιημένη ιστορική με-
 []


Package fontspec Info: 
(fontspec)             DejaVuSansMono scale = 0.9999974518982085.


Package fontspec Info: 
(fontspec)             DejaVuSansMono scale = 0.9999974518982085.


Underfull \hbox (badness 10000) in paragraph at lines 1742--1743
[]$[][][]$ \TU/DejaVuSans.ttf(2)/m/n/10.95 (default), πλέγμα
 []


Package fontspec Info: 
(fontspec)             DejaVuSansMono scale = 0.9999974518982085.


Underfull \hbox (badness 10000) in paragraph at lines 1743--1743
[]\TU/DejaVuSansMono.ttf(1)/m/n/10.95 multifractal_
 []


Underfull \hbox (badness 10000) in paragraph at lines 1743--1744
[]$[][][]$ \TU/DejaVuSans.ttf(2)/m/n/10.95 (default), shocks από
 []


Package fontspec Info: 
(fontspec)             DejaVuSansMono scale = 0.9999974518982085.


Package fontspec Info: 
(fontspec)             DejaVuSansMono scale = 0.9999974518982085.


Package fontspec Info: 
(fontspec)             DejaVuSansMono scale = 0.9999974518982085.


Underfull \hbox (badness 10000) in paragraph at lines 1744--1745
[]$[]$ \TU/DejaVuSans.ttf(2)/m/n/10.95 (default), πλέγμα
 []


Package fontspec Info: 
(fontspec)             DejaVuSansMono scale = 0.9999974518982085.


Underfull \hbox (badness 10000) in paragraph at lines 1745--1745
[]\TU/DejaVuSans.ttf(2)/m/n/10.95 GARCH(1,1)
 []


Package fontspec Info: 
(fontspec)             DejaVuSansMono scale = 0.9999974518982085.


Underfull \hbox (badness 10000) in paragraph at lines 1746--1746
[]\TU/DejaVuSans.ttf(2)/m/n/10.95 GARCH(1,1)
 []


Package fontspec Info: 
(fontspec)             DejaVuSansMono scale = 0.9999974518982085.


Package fontspec Info: 
(fontspec)             DejaVuSansMono scale = 0.9999974518982085.


Package fontspec Info: 
(fontspec)             DejaVuSansMono scale = 0.9999974518982085.


Underfull \hbox (badness 10000) in paragraph at lines 1747--1747
[]\TU/DejaVuSansMono.ttf(1)/m/n/10.95 k_neighbors\TU/DejaVuSans.ttf(2)/m/n/10.9
5 ,
 []


Package fontspec Info: 
(fontspec)             DejaVuSansMono scale = 0.9999974518982085.


Package fontspec Info: 
(fontspec)             DejaVuSansMono scale = 0.9999974518982085.


Underfull \hbox (badness 10000) in paragraph at lines 1760--1760
[]\TU/DejaVuSansMono.ttf(1)/m/n/10.95 RUN_SCALES
 []


Underfull \hbox (badness 10000) in paragraph at lines 1760--1760
\TU/DejaVuSans.ttf(2)/m/n/10.95 (mc_vs_actual_test,
 []


Package fontspec Info: 
(fontspec)             DejaVuSansMono scale = 0.9999974518982085.


Package fontspec Info: 
(fontspec)             DejaVuSansMono scale = 0.9999974518982085.

[65]

Package fontspec Info: 
(fontspec)             DejaVuSansMono scale = 0.9999976748565969.


Package fontspec Info: 
(fontspec)             DejaVuSansMono scale = 0.9999974518982085.


Package fontspec Info: 
(fontspec)             DejaVuSansMono scale = 0.9999974518982085.


Package fontspec Info: 
(fontspec)             DejaVuSansMono scale = 0.9999974518982085.


Package fontspec Info: 
(fontspec)             DejaVuSansMono scale = 0.9999974518982085.


Package fontspec Info: 
(fontspec)             DejaVuSansMono scale = 0.9999974518982085.


Package fontspec Info: 
(fontspec)             DejaVuSansMono scale = 0.9999974518982085.


Package fontspec Info: 
(fontspec)             DejaVuSansMono scale = 0.9999974518982085.


Package fontspec Info: 
(fontspec)             DejaVuSansMono scale = 0.9999974518982085.


Package fontspec Info: 
(fontspec)             DejaVuSansMono scale = 0.9999974518982085.


Package fontspec Info: 
(fontspec)             DejaVuSansMono scale = 0.9999974518982085.


Package fontspec Info: 
(fontspec)             DejaVuSansMono scale = 0.9999974518982085.


Package fontspec Info: 
(fontspec)             DejaVuSansMono scale = 0.9999974518982085.


Package fontspec Info: 
(fontspec)             DejaVuSansMono scale = 0.9999974518982085.


Underfull \hbox (badness 10000) in paragraph at lines 1774--1775
[]$[]$\TU/DejaVuSansMono.ttf(1)/m/n/10.95 historical\TU/DejaVuSans.ttf(2)/m/n/1
0.95 , \TU/DejaVuSansMono.ttf(1)/m/n/10.95 window\TU/DejaVuSans.ttf(2)/m/n/10.9
5 , \TU/DejaVuSansMono.ttf(1)/m/n/10.95 window_10d\TU/DejaVuSans.ttf(2)/m/n/10.
95 ,
 []


Underfull \hbox (badness 10000) in paragraph at lines 1774--1775
\TU/DejaVuSansMono.ttf(1)/m/n/10.95 window_20d\TU/DejaVuSans.ttf(2)/m/n/10.95 ,
 \TU/DejaVuSansMono.ttf(1)/m/n/10.95 student_t\TU/DejaVuSans.ttf(2)/m/n/10.95 ,

 []


Underfull \hbox (badness 10000) in paragraph at lines 1774--1775
\TU/DejaVuSansMono.ttf(1)/m/n/10.95 black_scholes\TU/DejaVuSans.ttf(2)/m/n/10.9
5 , \TU/DejaVuSansMono.ttf(1)/m/n/10.95 multifractal\TU/DejaVuSans.ttf(2)/m/n/1
0.95 ,
 []


Underfull \hbox (badness 10000) in paragraph at lines 1774--1775
\TU/DejaVuSansMono.ttf(1)/m/n/10.95 multifractal_empirical\TU/DejaVuSans.ttf(2)
/m/n/10.95 , \TU/DejaVuSansMono.ttf(1)/m/n/10.95 block_
 []


Package fontspec Info: 
(fontspec)             DejaVuSansMono scale = 0.9999974518982085.


Package fontspec Info: 
(fontspec)             DejaVuSansMono scale = 0.9999974518982085.


Package fontspec Info: 
(fontspec)             DejaVuSansMono scale = 0.9999974518982085.


Package fontspec Info: 
(fontspec)             DejaVuSansMono scale = 0.9999974518982085.


Package fontspec Info: 
(fontspec)             DejaVuSansMono scale = 0.9999974518982085.


Underfull \hbox (badness 10000) in paragraph at lines 1775--1776
[]$[]$\TU/DejaVuSansMono.ttf(1)/m/n/10.95 black_scholes\TU/DejaVuSans.ttf(2)/m/
n/10.95 , \TU/DejaVuSansMono.ttf(1)/m/n/10.95 multifractal\TU/DejaVuSans.ttf(2)
/m/n/10.95 ,
 []


Package fontspec Info: 
(fontspec)             DejaVuSansMono scale = 0.9999974518982085.


Package fontspec Info: 
(fontspec)             DejaVuSansMono scale = 0.9999974518982085.


Package fontspec Info: 
(fontspec)             DejaVuSansMono scale = 0.9999974518982085.


Underfull \hbox (badness 1237) in paragraph at lines 1789--1790
[]\TU/DejaVuSansMono.ttf(1)/m/n/10.95 Standard_D8ds_v4 \TU/DejaVuSans.ttf(2)/m/
n/10.95 (8 vCPU Intel Xeon
 []


Package fontspec Info: 
(fontspec)             DejaVuSansMono scale = 0.9999974518982085.


Package fontspec Info: 
(fontspec)             DejaVuSansMono scale = 0.9999974518982085.


Package fontspec Info: 
(fontspec)             DejaVuSansMono scale = 0.9999974518982085.


Package fontspec Info: 
(fontspec)             DejaVuSansMono scale = 0.9999974518982085.


Package fontspec Info: 
(fontspec)             DejaVuSansMono scale = 0.9999974518982085.


Package fontspec Info: 
(fontspec)             DejaVuSansMono scale = 0.9999974518982085.


Underfull \hbox (badness 10000) in paragraph at lines 1793--1794
[]\TU/DejaVuSansMono.ttf(1)/m/n/10.95 numpy\TU/DejaVuSans.ttf(2)/m/n/10.95 , \T
U/DejaVuSansMono.ttf(1)/m/n/10.95 pandas\TU/DejaVuSans.ttf(2)/m/n/10.95 , \TU/D
ejaVuSansMono.ttf(1)/m/n/10.95 scipy\TU/DejaVuSans.ttf(2)/m/n/10.95 , \TU/DejaV
uSansMono.ttf(1)/m/n/10.95 arch\TU/DejaVuSans.ttf(2)/m/n/10.95 ,
 []


Package fontspec Info: 
(fontspec)             DejaVuSansMono scale = 0.9999974518982085.


Package fontspec Info: 
(fontspec)             DejaVuSansMono scale = 0.9999974518982085.


Underfull \hbox (badness 10000) in paragraph at lines 1794--1795
[]\TU/DejaVuSans.ttf(2)/m/n/10.95 Delta tables, Unity Catalog
 []


Underfull \hbox (badness 10000) in paragraph at lines 1794--1795
\TU/DejaVuSans.ttf(2)/m/n/10.95 (\TU/DejaVuSansMono.ttf(1)/m/n/10.95 default.yf
inance_historical_data\TU/DejaVuSans.ttf(2)/m/n/10.95 ,
 []


Underfull \hbox (badness 10000) in paragraph at lines 1795--1795
[]\TU/DejaVuSans.ttf(2)/m/n/10.95 Αποθήκευση αποτελε-
 []


Underfull \hbox (badness 1394) in paragraph at lines 1795--1796
[]\TU/DejaVuSans.ttf(2)/m/n/10.95 Parquet στο Azure Data Lake Storage
 []


Underfull \hbox (badness 3058) in paragraph at lines 1796--1796
[]\TU/DejaVuSans.ttf(2)/m/n/10.95 Σύνολο ιστορικών δε-
 []


Package fontspec Info: 
(fontspec)             DejaVuSansMono scale = 0.9999974518982085.


Underfull \hbox (badness 10000) in paragraph at lines 1797--1797
[]\TU/DejaVuSans.ttf(2)/m/n/10.95 Σύνολο πραγματικών
 []


Package fontspec Info: 
(fontspec)             DejaVuSansMono scale = 0.9999974518982085.


Underfull \hbox (badness 10000) in paragraph at lines 1809--1809
[]\TU/DejaVuSansMono.ttf(1)/m/n/10.95 mc_vs_
 []


Package fontspec Info: 
(fontspec)             DejaVuSansMono scale = 0.9999974518982085.


Package fontspec Info: 
(fontspec)             DejaVuSansMono scale = 0.9999974518982085.


Underfull \hbox (badness 10000) in paragraph at lines 1810--1810
[]\TU/DejaVuSansMono.ttf(1)/m/n/10.95 mc_vs_
 []


Package fontspec Info: 
(fontspec)             DejaVuSansMono scale = 0.9999974518982085.


Package fontspec Info: 
(fontspec)             DejaVuSansMono scale = 0.9999974518982085.


Underfull \hbox (badness 10000) in paragraph at lines 1811--1811
[]\TU/DejaVuSansMono.ttf(1)/m/n/10.95 mc_vs_
 []


Package fontspec Info: 
(fontspec)             DejaVuSansMono scale = 0.9999974518982085.


Package fontspec Info: 
(fontspec)             DejaVuSansMono scale = 0.9999974518982085.


Package fontspec Info: 
(fontspec)             DejaVuSansMono scale = 0.9999974518982085.


Package fontspec Info: 
(fontspec)             DejaVuSansMono scale = 0.9999974518982085.


Underfull \hbox (badness 10000) in paragraph at lines 1811--1812
[]\TU/DejaVuSans.ttf(2)/m/n/10.95 MAPE πριν/μετά EMC,
 []


Package fontspec Info: 
(fontspec)             DejaVuSansMono scale = 0.9999974518982085.


Underfull \hbox (badness 10000) in paragraph at lines 1812--1812
[]\TU/DejaVuSansMono.ttf(1)/m/n/10.95 mc_vs_
 []


Package fontspec Info: 
(fontspec)             DejaVuSansMono scale = 0.9999974518982085.


Package fontspec Info: 
(fontspec)             DejaVuSansMono scale = 0.9999974518982085.


Underfull \hbox (badness 10000) in paragraph at lines 1812--1813
[]\TU/DejaVuSans.ttf(2)/m/n/10.95 MAPE ως συνάρτηση
 []


Package fontspec Info: 
(fontspec)             DejaVuSansMono scale = 0.9999974518982085.


Underfull \hbox (badness 10000) in paragraph at lines 1813--1813
[]\TU/DejaVuSansMono.ttf(1)/m/n/10.95 mc_vs_
 []


Package fontspec Info: 
(fontspec)             DejaVuSansMono scale = 0.9999974518982085.


Package fontspec Info: 
(fontspec)             DejaVuSansMono scale = 0.9999974518982085.


Package fontspec Info: 
(fontspec)             DejaVuSansMono scale = 0.9999974518982085.


Package fontspec Info: 
(fontspec)             DejaVuSansMono scale = 0.9999974518982085.


Package fontspec Info: 
(fontspec)             DejaVuSansMono scale = 0.9999974518982085.


Underfull \hbox (badness 10000) in paragraph at lines 1815--1815
[]\TU/DejaVuSansMono.ttf(1)/m/n/10.95 monte_carlo_
 []


Package fontspec Info: 
(fontspec)             DejaVuSansMono scale = 0.9999974518982085.


Package fontspec Info: 
(fontspec)             DejaVuSansMono scale = 0.9999974518982085.


Underfull \hbox (badness 10000) in paragraph at lines 1816--1816
[]\TU/DejaVuSansMono.ttf(1)/m/n/10.95 yfinance_
 []


Package fontspec Info: 
(fontspec)             DejaVuSansMono scale = 0.9999974518982085.


Underfull \hbox (badness 10000) in paragraph at lines 1816--1816
[]\TU/DejaVuSansMono.ttf(1)/m/n/10.95 default.yfinance_
 []


Package fontspec Info: 
(fontspec)             DejaVuSansMono scale = 0.9999974518982085.


Underfull \hbox (badness 10000) in paragraph at lines 1817--1817
[]\TU/DejaVuSansMono.ttf(1)/m/n/10.95 options_
 []


Package fontspec Info: 
(fontspec)             DejaVuSansMono scale = 0.9999974518982085.


Underfull \hbox (badness 10000) in paragraph at lines 1817--1817
[]\TU/DejaVuSansMono.ttf(1)/m/n/10.95 default.actual_
 []

[66]

Package fontspec Info: 
(fontspec)             DejaVuSansMono scale = 0.9999974518982085.


Package fontspec Info: 
(fontspec)             DejaVuSansMono scale = 0.9999974518982085.


Package fontspec Info: 
(fontspec)             DejaVuSansMono scale = 0.9999974518982085.


Package fontspec Info: 
(fontspec)             DejaVuSansMono scale = 0.9999974518982085.


Package fontspec Info: 
(fontspec)             DejaVuSansMono scale = 0.9999974518982085.


Package fontspec Info: 
(fontspec)             DejaVuSansMono scale = 0.9999974518982085.


Package fontspec Info: 
(fontspec)             DejaVuSansMono scale = 0.99999651228895.


Package fontspec Info: 
(fontspec)             DejaVuSansMono scale = 0.9999953497240063.


Package fontspec Info: 
(fontspec)             DejaVuSansMono scale = 0.9999974518982085.

 [67]

Package fontspec Info: 
(fontspec)             DejaVuSansMono scale = 0.9999974518982085.


Package fontspec Info: 
(fontspec)             DejaVuSansMono scale = 0.9999974518982085.


Package fontspec Info: 
(fontspec)             DejaVuSansMono scale = 0.9999974518982085.


Underfull \hbox (badness 3029) in paragraph at lines 1832--1833
[]\TU/DejaVuSans.ttf(2)/b/n/10.95 Pre/post EMC scatter\TU/DejaVuSans.ttf(2)/m/n
/10.95 : διασπορά τιμολογήσεων ζεύγη $[][][] [][]$ για
 []


Package fontspec Info: 
(fontspec)             DejaVuSansMono scale = 0.9999974518982085.


Package fontspec Info: 
(fontspec)             DejaVuSansMono scale = 0.9999974518982085.


Package fontspec Info: 
(fontspec)             DejaVuSansMono scale = 0.9999974518982085.


Package fontspec Info: 
(fontspec)             DejaVuSansMono scale = 0.9999974518982085.


Underfull \hbox (badness 1596) in paragraph at lines 1835--1836
\TU/DejaVuSans.ttf(2)/m/n/10.95 με τις παραμέτρους που τεκμηριώνονται στο Παράρ
τημα Α. Τα γραφήματα
 []


Underfull \hbox (badness 3942) in paragraph at lines 1835--1836
\TU/DejaVuSans.ttf(2)/m/n/10.95 της εργασίας έχουν εξαχθεί από το ίδιο notebook
 ως \TU/DejaVuSansMono.ttf(1)/m/n/10.95 PNG \TU/DejaVuSans.ttf(2)/m/n/10.95 στο
ν φάκελο
 []


Underfull \hbox (badness 2961) in paragraph at lines 1835--1836
\TU/DejaVuSansMono.ttf(1)/m/n/10.95 databricks/docs/ \TU/DejaVuSans.ttf(2)/m/n/
10.95 και ενσωματώνονται στο σώμα του κειμένου μέσω του
 []


Overfull \hbox (59.52303pt too wide) in paragraph at lines 1841--1853
 [][] 
 []

[68]
Underfull \hbox (badness 3158) in paragraph at lines 1890--1890
[]\TU/DejaVuSans.ttf(2)/b/n/17.28 Παράρτημα ΣΤ: Συσκευοποίηση και ανά-
 []


Package fontspec Info: 
(fontspec)             DejaVuSansMono scale = 0.9999974518982085.


Package fontspec Info: 
(fontspec)             DejaVuSansMono scale = 0.9999974518982085.


Package fontspec Info: 
(fontspec)             DejaVuSansMono scale = 0.9999974518982085.


Package fontspec Info: 
(fontspec)             DejaVuSansMono scale = 0.9999974518982085.


Package fontspec Info: 
(fontspec)             DejaVuSansMono scale = 0.9999974518982085.


Package fontspec Info: 
(fontspec)             DejaVuSansMono scale = 0.9999974518982085.


Package fontspec Info: 
(fontspec)             DejaVuSansMono scale = 0.9999974518982085.


Package fontspec Info: 
(fontspec)             DejaVuSansMono scale = 0.9999974518982085.


Package fontspec Info: 
(fontspec)             DejaVuSansMono scale = 0.9999974518982085.


Package fontspec Info: 
(fontspec)             DejaVuSansMono scale = 0.9999974518982085.


Package fontspec Info: 
(fontspec)             DejaVuSansMono scale = 0.9999974518982085.


Package fontspec Info: 
(fontspec)             DejaVuSansMono scale = 0.9999974518982085.


Package fontspec Info: 
(fontspec)             DejaVuSansMono scale = 0.9999974518982085.


Package fontspec Info: 
(fontspec)             DejaVuSansMono scale = 0.9999974518982085.


Underfull \hbox (badness 10000) in paragraph at lines 1896--1897
[]\TU/DejaVuSansMono.ttf(1)/m/n/10.95 az containerapp env create -n cae-mcdemo 
-g rg-mcdemo -l
 []


Package fontspec Info: 
(fontspec)             DejaVuSansMono scale = 0.9999974518982085.


Package fontspec Info: 
(fontspec)             DejaVuSansMono scale = 0.9999974518982085.


Package fontspec Info: 
(fontspec)             DejaVuSansMono scale = 0.9999974518982085.


Underfull \hbox (badness 10000) in paragraph at lines 1897--1898
[]\TU/DejaVuSansMono.ttf(1)/m/n/10.95 az acr build --registry acrmcdemo --image
 pub-python-repo:$tag
 []


Package fontspec Info: 
(fontspec)             DejaVuSansMono scale = 0.9999974518982085.


Package fontspec Info: 
(fontspec)             DejaVuSansMono scale = 0.9999974518982085.


Package fontspec Info: 
(fontspec)             DejaVuSansMono scale = 0.9999974518982085.


Underfull \hbox (badness 10000) in paragraph at lines 1898--1899
[]\TU/DejaVuSansMono.ttf(1)/m/n/10.95 az containerapp create -n api --ingress i
nternal --target-port
 []


Package fontspec Info: 
(fontspec)             DejaVuSansMono scale = 0.9999974518982085.


Package fontspec Info: 
(fontspec)             DejaVuSansMono scale = 0.9999974518982085.


Package fontspec Info: 
(fontspec)             DejaVuSansMono scale = 0.9999974518982085.


Package fontspec Info: 
(fontspec)             DejaVuSansMono scale = 0.9999974518982085.


Package fontspec Info: 
(fontspec)             DejaVuSansMono scale = 0.9999974518982085.


Package fontspec Info: 
(fontspec)             DejaVuSansMono scale = 0.9999974518982085.


Underfull \hbox (badness 10000) in paragraph at lines 1900--1901
[]\TU/DejaVuSansMono.ttf(1)/m/n/10.95 az containerapp create -n ui --ingress ex
ternal --target-port
 []

[69]
Underfull \hbox (badness 1038) in paragraph at lines 1927--1931
[]\TU/DejaVuSans.ttf(2)/m/n/10.95 Coleman, R., Ghattamaneni, S., Logan, M. and 
Labouseur, A. G. (2014).
 []


Underfull \hbox (badness 1062) in paragraph at lines 1927--1931
\TU/DejaVuSans.ttf(2)/m/n/10.95 Euromicro International Conference on Parallel,
 Distributed and Network-
 []


Underfull \hbox (badness 3679) in paragraph at lines 1943--1947
[]\TU/DejaVuSans.ttf(2)/m/n/10.95 Engle, R. F. (1982). \TU/DejaVuSans.ttf(2)/m/
it/10.95 Autoregressive conditional heteroscedasticity with
 []


Underfull \hbox (badness 1127) in paragraph at lines 1988--1991
[]\TU/DejaVuSans.ttf(2)/m/n/10.95 Merton, R. C. (1976). \TU/DejaVuSans.ttf(2)/m
/it/10.95 Option pricing when underlying stock returns are
 []

[70] [71] (Diplomatiki.aux)
 ***********
LaTeX2e <2025-11-01>
L3 programming layer <2025-12-24>
 ***********
Package rerunfilecheck Info: File `Diplomatiki.out' has not changed.
(rerunfilecheck)             Checksum: E97530AE3C803682BE4B14A0041387AC;33966.
 ) 
Here is how much of TeX's memory you used:
 40853 strings out of 402987
 962295 string characters out of 5448111
 1972289 words of memory out of 5000000
 68936 multiletter control sequences out of 15000+600000
 632927 words of font info for 171 fonts, out of 8000000 for 9000
 1348 hyphenation exceptions out of 8191
 84i,12n,113p,1525b,2770s stack positions out of 10000i,1000n,20000p,200000b,200000s

Output written on Diplomatiki.pdf (71 pages).
